"etsy_listing_id","shop_id","mensskull_internal_product_id","sku","listing_title","listing_status","reporting_date","reporting_period","views","lifetime_views_snapshot","visits","impressions","clicks","favorites","add_to_cart_events","orders","revenue","currency","etsy_search_traffic","etsy_app_traffic","etsy_pages_traffic","direct_traffic","external_traffic","social_traffic","ads_traffic","snapshot_timestamp","listing_api_last_synced_at"
"863705906","25333110","cmraairdd00ijy4w18r4os1xp","SP166","Pumpkin Pendant - Sterling Silver Gothic Halloween Skull Necklace","active","2026-07-12","2026-01-11_to_2026-07-12","UNKNOWN","403","UNKNOWN","UNKNOWN","UNKNOWN","30","UNKNOWN","0","0","USD","UNKNOWN","UNKNOWN","UNKNOWN","UNKNOWN","UNKNOWN","UNKNOWN","UNKNOWN","2026-07-13T07:38:47.940Z","2026-07-10T10:50:05.902Z"
"868314062","25333110","cmraaij9n008ey4w19btjx71a","SJ255","Sterling Silver Skull Ring for Men - Gothic Biker Custom Size Ring","active","2026-07-12","2026-01-11_to_2026-07-12","UNKNOWN","4482","UNKNOWN","UNKNOWN","UNKNOWN","194","UNKNOWN","1","226","USD","UNKNOWN","UNKNOWN","UNKNOWN","UNKNOWN","UNKNOWN","UNKNOWN","UNKNOWN","2026-07-13T07:38:47.940Z","2026-07-10T10:49:55.386Z"
"872845606","25333110","cmrad2s4204o7y4ydwnm7x0ry","SP181","Sterling Silver Howling Wolf Pendant Necklace: Halloween Werewolf Jewelry","active","2026-07-12","2026-01-11_to_2026-07-12","UNKNOWN","574","UNKNOWN","UNKNOWN","UNKNOWN","37","UNKNOWN","0","0","USD","UNKNOWN","UNKNOWN","UNKNOWN","UNKNOWN","UNKNOWN","UNKNOWN","UNKNOWN","2026-07-13T07:38:47.940Z","2026-07-10T07:53:21.973Z"
"876151272","25333110","cmrad2xsl04uzy4ydeuvge7h7","SJ264","Handmade Sterling Silver Tiger Ring: Animal Totem Jewelry, Custom Size","active","2026-07-12","2026-01-11_to_2026-07-12","UNKNOWN","326","UNKNOWN","UNKNOWN","UNKNOWN","27","UNKNOWN","0","0","USD","UNKNOWN","UNKNOWN","UNKNOWN","UNKNOWN","UNKNOWN","UNKNOWN","UNKNOWN","2026-07-13T07:38:47.940Z","2026-07-10T07:53:29.322Z"
"878616671","25333110","cmraaj3j900x0y4w15kubc2z8","SJ141","Heavy Skull Ring for Men - Solid 925 Silver Gothic Biker Ring","active","2026-07-12","2026-01-11_to_2026-07-12","UNKNOWN","5563","UNKNOWN","UNKNOWN","UNKNOWN","314","UNKNOWN","4","844","USD","UNKNOWN","UNKNOWN","UNKNOWN","UNKNOWN","UNKNOWN","UNKNOWN","UNKNOWN","2026-07-13T07:38:47.940Z","2026-07-10T10:50:21.644Z"
"879331011","25333110","cmrad2tqi04q3y4yduyejok0n","SJ255","Scarface Skull Ring for Men – Solid 925 Sterling Silver Gangster Style Statement Ring, Vintage Mafia Inspired Jewelry","active","2026-07-12","2026-01-11_to_2026-07-12","UNKNOWN","424","UNKNOWN","UNKNOWN","UNKNOWN","40","UNKNOWN","0","0","USD","UNKNOWN","UNKNOWN","UNKNOWN","UNKNOWN","UNKNOWN","UNKNOWN","UNKNOWN","2026-07-13T07:38:47.940Z","2026-07-10T07:53:24.082Z"
"886505556","25333110","cmrad2sx804p4y4yd41wexy5i","SJ112","Skull Ring for Men – Solid 925 Sterling Silver Gothic Biker Statement Ring, Handcrafted Bone Texture Jewelry","active","2026-07-12","2026-01-11_to_2026-07-12","UNKNOWN","579","UNKNOWN","UNKNOWN","UNKNOWN","46","UNKNOWN","0","0","USD","UNKNOWN","UNKNOWN","UNKNOWN","UNKNOWN","UNKNOWN","UNKNOWN","UNKNOWN","2026-07-13T07:38:47.940Z","2026-07-10T07:53:23.025Z"
"886506640","25333110","cmrad2ovq04k9y4yd0yuigart","SJ265","Skull Ring for Men – Solid 925 Sterling Silver Gothic Carved Statement Ring, Handmade Dark Jewelry","active","2026-07-12","2026-01-11_to_2026-07-12","UNKNOWN","238","UNKNOWN","UNKNOWN","UNKNOWN","21","UNKNOWN","0","0","USD","UNKNOWN","UNKNOWN","UNKNOWN","UNKNOWN","UNKNOWN","UNKNOWN","UNKNOWN","2026-07-13T07:38:47.940Z","2026-07-10T07:53:17.782Z"
"895728126","25333110","cmrad2lna04gdy4yd96gub7se","SN34","Sterling Silver Knife Mark Necklace: Bold Blade Texture Gothic Jewelry","active","2026-07-12","2026-01-11_to_2026-07-12","UNKNOWN","702","UNKNOWN","UNKNOWN","UNKNOWN","39","UNKNOWN","0","0","USD","UNKNOWN","UNKNOWN","UNKNOWN","UNKNOWN","UNKNOWN","UNKNOWN","UNKNOWN","2026-07-13T07:38:47.940Z","2026-07-10T07:53:13.592Z"
"899273951","25333110","cmrad2ray04n7y4yduljbjfqu","SJ95","War Mask Skull Ring for Men – Solid 925 Sterling Silver Gothic Frankenstein Rings, Statement Biker Jewelry Handmade","active","2026-07-12","2026-01-11_to_2026-07-12","UNKNOWN","387","UNKNOWN","UNKNOWN","UNKNOWN","32","UNKNOWN","0","0","USD","UNKNOWN","UNKNOWN","UNKNOWN","UNKNOWN","UNKNOWN","UNKNOWN","UNKNOWN","2026-07-13T07:38:47.940Z","2026-07-10T07:53:20.918Z"
"899310255","25333110","cmraakike02owy4w1x4kf59yo","SB43","Hand-Forged Sterling Silver Skull & Bone Bracelet - Gothic Occult Jewelry","active","2026-07-12","2026-01-11_to_2026-07-12","UNKNOWN","2131","UNKNOWN","UNKNOWN","UNKNOWN","116","UNKNOWN","0","0","USD","UNKNOWN","UNKNOWN","UNKNOWN","UNKNOWN","UNKNOWN","UNKNOWN","UNKNOWN","2026-07-13T07:38:47.940Z","2026-07-10T10:51:27.785Z"
"899902577","25333110","cmrad1l6m037ay4ydtd18g3xu","SP189","Skull Dog Tag Necklace – Solid 925 Sterling Silver Military Pendant, Heavy Gothic Veteran Jewelry for Men","active","2026-07-12","2026-01-11_to_2026-07-12","UNKNOWN","1127","UNKNOWN","UNKNOWN","UNKNOWN","65","UNKNOWN","0","0","USD","UNKNOWN","UNKNOWN","UNKNOWN","UNKNOWN","UNKNOWN","UNKNOWN","UNKNOWN","2026-07-13T07:38:47.940Z","2026-07-10T07:52:26.327Z"
"899931401","25333110","cmraajcgl0183y4w126cgns3n","SJ232","Anubis Ring in Sterling Silver - Egyptian Mythology Gothic Ring","active","2026-07-12","2026-01-11_to_2026-07-12","UNKNOWN","1002","UNKNOWN","UNKNOWN","UNKNOWN","77","UNKNOWN","0","0","USD","UNKNOWN","UNKNOWN","UNKNOWN","UNKNOWN","UNKNOWN","UNKNOWN","UNKNOWN","2026-07-13T07:38:47.940Z","2026-07-10T10:50:33.193Z"
"902308481","25333110","cmrad2o2704jay4ydgdpginev","SJ11","Eyeless Skull Ring for Men – Solid 925 Sterling Silver Gothic Biker Statement Ring","active","2026-07-12","2026-01-11_to_2026-07-12","UNKNOWN","603","UNKNOWN","UNKNOWN","UNKNOWN","33","UNKNOWN","0","0","USD","UNKNOWN","UNKNOWN","UNKNOWN","UNKNOWN","UNKNOWN","UNKNOWN","UNKNOWN","2026-07-13T07:38:47.940Z","2026-07-10T07:53:16.735Z"
"908330623","25333110","cmrad2cqh045hy4ydk6cu9atz","SJ53","Heavy Skull Ring for Men – Solid 925 Sterling Silver Gothic Biker Statement Jewelry, Oxidized Dark Skull Rings Gift","active","2026-07-12","2026-01-11_to_2026-07-12","UNKNOWN","2821","UNKNOWN","UNKNOWN","UNKNOWN","133","UNKNOWN","0","0","USD","UNKNOWN","UNKNOWN","UNKNOWN","UNKNOWN","UNKNOWN","UNKNOWN","UNKNOWN","2026-07-13T07:38:47.940Z","2026-07-10T07:53:02.022Z"
"923163811","25333110","cmrad2n9c04iby4ydeioe1zzf","SN333","Edgy Men&#39;s Jewelry - Sterling Silver Double Skull Pendant Necklace","active","2026-07-12","2026-01-11_to_2026-07-12","UNKNOWN","1532","UNKNOWN","UNKNOWN","UNKNOWN","73","UNKNOWN","0","0","USD","UNKNOWN","UNKNOWN","UNKNOWN","UNKNOWN","UNKNOWN","UNKNOWN","UNKNOWN","2026-07-13T07:38:47.940Z","2026-07-10T07:53:15.687Z"
"944567983","25333110","cmrad3u6v05zvy4ydhr6qjavd","SSB86","999 Fine Silver Viking Bone Bracelet: Gothic Pagan Arm Cuff","active","2026-07-12","2026-01-11_to_2026-07-12","UNKNOWN","1023","UNKNOWN","UNKNOWN","UNKNOWN","97","UNKNOWN","0","0","USD","UNKNOWN","UNKNOWN","UNKNOWN","UNKNOWN","UNKNOWN","UNKNOWN","UNKNOWN","2026-07-13T07:38:47.940Z","2026-07-10T10:49:44.877Z"
"949279802","25333110","cmraaiqkx00hay4w190e5qdi0","SJ05","Heavy Sterling Silver Skull Ring for Men - Gothic Biker Statement Ring","active","2026-07-12","2026-01-11_to_2026-07-12","UNKNOWN","3740","UNKNOWN","UNKNOWN","UNKNOWN","176","UNKNOWN","4","744","USD","UNKNOWN","UNKNOWN","UNKNOWN","UNKNOWN","UNKNOWN","UNKNOWN","UNKNOWN","2026-07-13T07:38:47.940Z","2026-07-10T10:50:04.833Z"
"953602764","25333110","cmrad308104y1y4ydyvz04xyi","SJ188","Handcrafted Hellboy Skull Ring: 925 Sterling Silver Hells Baron Ring","active","2026-07-12","2026-01-11_to_2026-07-12","UNKNOWN","2107","UNKNOWN","UNKNOWN","UNKNOWN","106","UNKNOWN","0","0","USD","UNKNOWN","UNKNOWN","UNKNOWN","UNKNOWN","UNKNOWN","UNKNOWN","UNKNOWN","2026-07-13T07:38:47.940Z","2026-07-10T07:53:32.848Z"
"957500106","25333110","cmrad2k0e04ecy4ydcq15crxi","SJ268","Men’s Skull Ring – Solid 925 Sterling Silver Gothic Biker Statement Jewelry","active","2026-07-12","2026-01-11_to_2026-07-12","UNKNOWN","231","UNKNOWN","UNKNOWN","UNKNOWN","8","UNKNOWN","0","0","USD","UNKNOWN","UNKNOWN","UNKNOWN","UNKNOWN","UNKNOWN","UNKNOWN","UNKNOWN","2026-07-13T07:38:47.940Z","2026-07-10T07:53:11.476Z"
"970539130","25333110","cmrad2uju04r0y4yd8xfayzad","SJ161","Hand-Chiseled Skull Ring for Men – Solid 925 Sterling Silver Heavy Gothic Biker Statement Rings, Oxidized Silver Jewelry","active","2026-07-12","2026-01-11_to_2026-07-12","UNKNOWN","8283","UNKNOWN","UNKNOWN","UNKNOWN","273","UNKNOWN","1","266","USD","UNKNOWN","UNKNOWN","UNKNOWN","UNKNOWN","UNKNOWN","UNKNOWN","UNKNOWN","2026-07-13T07:38:47.940Z","2026-07-10T07:53:25.119Z"
"994985179","25333110","cmraaix1c00pby4w1j0q0h13k","SB62","Sterling Silver Skull Bead Bracelet - Gothic Mens Biker Bracelet","active","2026-07-12","2026-01-11_to_2026-07-12","UNKNOWN","1969","UNKNOWN","UNKNOWN","UNKNOWN","90","UNKNOWN","0","0","USD","UNKNOWN","UNKNOWN","UNKNOWN","UNKNOWN","UNKNOWN","UNKNOWN","UNKNOWN","2026-07-13T07:38:47.940Z","2026-07-10T10:50:13.244Z"
"1225400518","25333110","cmrad2ktt04fby4ydwobp6e4d","SN04","Sterling Silver Satanic Handshake Pendant: Gothic Occult Necklace","active","2026-07-12","2026-01-11_to_2026-07-12","UNKNOWN","394","UNKNOWN","UNKNOWN","UNKNOWN","26","UNKNOWN","0","0","USD","UNKNOWN","UNKNOWN","UNKNOWN","UNKNOWN","UNKNOWN","UNKNOWN","UNKNOWN","2026-07-13T07:38:47.940Z","2026-07-10T07:53:12.541Z"
"1225419248","25333110","cmraaeqe1006oy4fx6dmbz6a1","SP149","Sterling Silver Skull Dog Tag Necklace - Brass Inlay Biker Pendant","active","2026-07-12","2026-01-11_to_2026-07-12","UNKNOWN","644","UNKNOWN","UNKNOWN","UNKNOWN","30","UNKNOWN","0","0","USD","UNKNOWN","UNKNOWN","UNKNOWN","UNKNOWN","UNKNOWN","UNKNOWN","UNKNOWN","2026-07-13T07:38:47.940Z","2026-07-10T10:50:18.487Z"
"1239346421","25333110","cmrad2iee04cgy4yd400sbxui","SB82","Hand-Forged Sterling Silver Chain Bracelet: Bold Gothic Blade Texture","active","2026-07-12","2026-01-11_to_2026-07-12","UNKNOWN","1079","UNKNOWN","UNKNOWN","UNKNOWN","57","UNKNOWN","0","0","USD","UNKNOWN","UNKNOWN","UNKNOWN","UNKNOWN","UNKNOWN","UNKNOWN","UNKNOWN","2026-07-13T07:38:47.940Z","2026-07-10T07:53:09.380Z"
"1334605855","25333110","cmrad2qhz04m9y4ydc0mbvia9","SP210","Asian Amulet Necklace - Hammered 999 Silver Tiger Pendant","active","2026-07-12","2026-01-11_to_2026-07-12","UNKNOWN","185","UNKNOWN","UNKNOWN","UNKNOWN","9","UNKNOWN","0","0","USD","UNKNOWN","UNKNOWN","UNKNOWN","UNKNOWN","UNKNOWN","UNKNOWN","UNKNOWN","2026-07-13T07:38:47.940Z","2026-07-10T07:53:19.867Z"
"1369461324","25333110","cmraaj1wl00uyy4w1zx6f6wuo","SP199","Sterling Silver Dumbbell Necklace - Gym Fitness Gift for Men","active","2026-07-12","2026-01-11_to_2026-07-12","UNKNOWN","670","UNKNOWN","UNKNOWN","UNKNOWN","24","UNKNOWN","0","0","USD","UNKNOWN","UNKNOWN","UNKNOWN","UNKNOWN","UNKNOWN","UNKNOWN","UNKNOWN","2026-07-13T07:38:47.940Z","2026-07-10T10:50:19.534Z"
"1491847732","25333110","cmraakba002fgy4w15fnuq5w8","SJ295","Bearded Skull Ring Handcrafted Sterling Silver Artisan Biker Jewelry","active","2026-07-12","2026-01-11_to_2026-07-12","UNKNOWN","1081","UNKNOWN","UNKNOWN","UNKNOWN","36","UNKNOWN","0","0","USD","UNKNOWN","UNKNOWN","UNKNOWN","UNKNOWN","UNKNOWN","UNKNOWN","UNKNOWN","2026-07-13T07:38:47.940Z","2026-07-10T10:51:18.333Z"
"1620950628","25333110","cmraaeqwp007ky4fxsnkmz6jk","SJ161","Black Mamba Snake Ring - 925 Sterling Silver Reptile Ring for Men","active","2026-07-12","2026-01-11_to_2026-07-12","UNKNOWN","1054","UNKNOWN","UNKNOWN","UNKNOWN","49","UNKNOWN","0","0","USD","UNKNOWN","UNKNOWN","UNKNOWN","UNKNOWN","UNKNOWN","UNKNOWN","UNKNOWN","2026-07-13T07:38:47.940Z","2026-07-10T10:50:26.889Z"
"1635270210","25333110","cmrad2j7g04dgy4yds5mwxymj","SSB86","Hand-Forged 999 Solid Silver Fist Möbius Bracelet: Viking Power Cuff","active","2026-07-12","2026-01-11_to_2026-07-12","UNKNOWN","343","UNKNOWN","UNKNOWN","UNKNOWN","25","UNKNOWN","0","0","USD","UNKNOWN","UNKNOWN","UNKNOWN","UNKNOWN","UNKNOWN","UNKNOWN","UNKNOWN","2026-07-13T07:38:47.940Z","2026-07-10T07:53:10.427Z"
"1635852221","25333110","cmrad3skl05y3y4ydxg2dnvg5","SB87","Handcrafted 999 Sterling Silver Feather Bracelet for Men","active","2026-07-12","2026-01-11_to_2026-07-12","UNKNOWN","531","UNKNOWN","UNKNOWN","UNKNOWN","22","UNKNOWN","1","676","USD","UNKNOWN","UNKNOWN","UNKNOWN","UNKNOWN","UNKNOWN","UNKNOWN","UNKNOWN","2026-07-13T07:38:47.940Z","2026-07-10T10:49:43.844Z"
"1645225956","25333110","cmrad1nm303ahy4ydbqowr74h","SP189","Sterling Silver Bullet Necklace, Handmade Protective Amulet","active","2026-07-12","2026-01-11_to_2026-07-12","UNKNOWN","130","UNKNOWN","UNKNOWN","UNKNOWN","6","UNKNOWN","0","0","USD","UNKNOWN","UNKNOWN","UNKNOWN","UNKNOWN","UNKNOWN","UNKNOWN","UNKNOWN","2026-07-13T07:38:47.940Z","2026-07-10T07:52:29.470Z"
"1645240872","25333110","cmrad2por04l7y4yd2k31ghns","SP219","Coffee Bean Pendant Necklace 925 Sterling Silver and Copper Inlay, Barista Gift","active","2026-07-12","2026-01-11_to_2026-07-12","UNKNOWN","80","UNKNOWN","UNKNOWN","UNKNOWN","7","UNKNOWN","0","0","USD","UNKNOWN","UNKNOWN","UNKNOWN","UNKNOWN","UNKNOWN","UNKNOWN","UNKNOWN","2026-07-13T07:38:47.940Z","2026-07-10T07:53:18.841Z"
"1660904785","25333110","cmraakeif02jry4w14jnzcvk4","SP220","Van Gogh Sunflower Pendant: Handmade 925 Sterling Silver Necklace","active","2026-07-12","2026-01-11_to_2026-07-12","UNKNOWN","253","UNKNOWN","UNKNOWN","UNKNOWN","14","UNKNOWN","0","0","USD","UNKNOWN","UNKNOWN","UNKNOWN","UNKNOWN","UNKNOWN","UNKNOWN","UNKNOWN","2026-07-13T07:38:47.940Z","2026-07-10T10:51:22.535Z"
"1681075317","25333110","cmraaju9c01uey4w1qjoweels","SP218","Sterling Silver Gothic Key Necklace - Oxidized 24 Inch Unisex Pendant","active","2026-07-12","2026-01-11_to_2026-07-12","UNKNOWN","9090","UNKNOWN","UNKNOWN","UNKNOWN","987","UNKNOWN","10","2118","USD","UNKNOWN","UNKNOWN","UNKNOWN","UNKNOWN","UNKNOWN","UNKNOWN","UNKNOWN","2026-07-13T07:38:47.940Z","2026-07-10T10:50:56.280Z"
"1696664061","25333110","cmrad3bk305bby4ydaclp6t5t","SP225","Grassland Overlord - Handmade Sterling Silver Lion Pendant Necklace","active","2026-07-12","2026-01-11_to_2026-07-12","UNKNOWN","118","UNKNOWN","UNKNOWN","UNKNOWN","10","UNKNOWN","1","266","USD","UNKNOWN","UNKNOWN","UNKNOWN","UNKNOWN","UNKNOWN","UNKNOWN","UNKNOWN","2026-07-13T07:38:47.940Z","2026-07-10T07:53:47.552Z"
"1700309473","25333110","cmrad2gry04ady4ydn14cp503","SJ176","Monkey Ring for Men – Solid 925 Sterling Silver Zodiac Animal Ring, Gothic Biker Statement Jewelry","active","2026-07-12","2026-01-11_to_2026-07-12","UNKNOWN","253","UNKNOWN","UNKNOWN","UNKNOWN","16","UNKNOWN","0","0","USD","UNKNOWN","UNKNOWN","UNKNOWN","UNKNOWN","UNKNOWN","UNKNOWN","UNKNOWN","2026-07-13T07:38:47.940Z","2026-07-10T07:53:07.277Z"
"1707620821","25333110","cmrad1u2z03i7y4ydsds0go5l","SB80","Gothic Biker Jewelry - Heavy Sterling Silver Skull Bracelet","active","2026-07-12","2026-01-11_to_2026-07-12","UNKNOWN","893","UNKNOWN","UNKNOWN","UNKNOWN","30","UNKNOWN","0","0","USD","UNKNOWN","UNKNOWN","UNKNOWN","UNKNOWN","UNKNOWN","UNKNOWN","UNKNOWN","2026-07-13T07:38:47.940Z","2026-07-10T07:52:37.879Z"
"1724315766","25333110","cmrad1zre03p0y4yd2leam0xo","SSB90","Hand-Engraved Viking Bracelet: Sterling Silver with 24K Gold Möbius Ring","active","2026-07-12","2026-01-11_to_2026-07-12","UNKNOWN","753","UNKNOWN","UNKNOWN","UNKNOWN","30","UNKNOWN","0","0","USD","UNKNOWN","UNKNOWN","UNKNOWN","UNKNOWN","UNKNOWN","UNKNOWN","UNKNOWN","2026-07-13T07:38:47.940Z","2026-07-10T07:52:45.226Z"
"1747962824","25333110","cmrad2mgb04h9y4yd6f0r2gcl","SP115","Sterling Silver Anubis Pendant - Egyptian God Mythology Necklace","active","2026-07-12","2026-01-11_to_2026-07-12","UNKNOWN","82","UNKNOWN","UNKNOWN","UNKNOWN","1","UNKNOWN","0","0","USD","UNKNOWN","UNKNOWN","UNKNOWN","UNKNOWN","UNKNOWN","UNKNOWN","UNKNOWN","2026-07-13T07:38:47.940Z","2026-07-10T07:53:14.640Z"
"1748064922","25333110","cmrad2fyr049ky4ydd7eforb6","SN21","Double Snake Head Necklace: 925 Sterling Silver Ouroboros Pendant","active","2026-07-12","2026-01-11_to_2026-07-12","UNKNOWN","222","UNKNOWN","UNKNOWN","UNKNOWN","8","UNKNOWN","0","0","USD","UNKNOWN","UNKNOWN","UNKNOWN","UNKNOWN","UNKNOWN","UNKNOWN","UNKNOWN","2026-07-13T07:38:47.940Z","2026-07-10T07:53:06.235Z"
"1755211213","25333110","cmraaief50021y4w1k3sk432t","SN31","Heavy Sterling Silver Skull Bead Necklace: Gothic Biker Chain","active","2026-07-12","2026-01-11_to_2026-07-12","UNKNOWN","572","UNKNOWN","UNKNOWN","UNKNOWN","29","UNKNOWN","0","0","USD","UNKNOWN","UNKNOWN","UNKNOWN","UNKNOWN","UNKNOWN","UNKNOWN","UNKNOWN","2026-07-13T07:38:47.940Z","2026-07-10T10:49:49.086Z"
"1756185464","25333110","cmraaj5yp0108y4w13wex4ahg","SJ321","Chunky Sterling Silver Skull Ring - Gothic Biker Ring for Men","active","2026-07-12","2026-01-11_to_2026-07-12","UNKNOWN","1388","UNKNOWN","UNKNOWN","UNKNOWN","61","UNKNOWN","2","562","USD","UNKNOWN","UNKNOWN","UNKNOWN","UNKNOWN","UNKNOWN","UNKNOWN","UNKNOWN","2026-07-13T07:38:47.940Z","2026-07-10T10:50:24.781Z"
"1757436419","25333110","cmraaj55c00z9y4w1k0oea6jh","SJ259","Sterling Silver Skull Ring with Angel Wings - Gothic Biker Ring","active","2026-07-12","2026-01-11_to_2026-07-12","UNKNOWN","194","UNKNOWN","UNKNOWN","UNKNOWN","16","UNKNOWN","1","226","USD","UNKNOWN","UNKNOWN","UNKNOWN","UNKNOWN","UNKNOWN","UNKNOWN","UNKNOWN","2026-07-13T07:38:47.940Z","2026-07-10T10:50:23.730Z"
"1757662487","25333110","cmraaeok40021y4fx05qs6zel","SN50","Brutalist Silver Scar Necklace: Hand-Chiseled Gothic Jewelry","active","2026-07-12","2026-01-11_to_2026-07-12","UNKNOWN","277","UNKNOWN","UNKNOWN","UNKNOWN","15","UNKNOWN","0","0","USD","UNKNOWN","UNKNOWN","UNKNOWN","UNKNOWN","UNKNOWN","UNKNOWN","UNKNOWN","2026-07-13T07:38:47.940Z","2026-07-10T10:49:56.441Z"
"1757666279","25333110","cmrad31u304zry4ydlb6ka6kx","SB114","Mens Sterling Silver Chain Bracelet: Knife Etched Design, Handmade","active","2026-07-12","2026-01-11_to_2026-07-12","UNKNOWN","598","UNKNOWN","UNKNOWN","UNKNOWN","35","UNKNOWN","0","0","USD","UNKNOWN","UNKNOWN","UNKNOWN","UNKNOWN","UNKNOWN","UNKNOWN","UNKNOWN","2026-07-13T07:38:47.940Z","2026-07-10T07:53:34.953Z"
"1758216320","25333110","cmraaevsh00ksy4fxpjb21kc8","SJ252","Anubis Ring - Handmade 925 Sterling Silver Egyptian God Jewelry","active","2026-07-12","2026-01-11_to_2026-07-12","UNKNOWN","233","UNKNOWN","UNKNOWN","UNKNOWN","8","UNKNOWN","0","0","USD","UNKNOWN","UNKNOWN","UNKNOWN","UNKNOWN","UNKNOWN","UNKNOWN","UNKNOWN","2026-07-13T07:38:47.940Z","2026-07-10T10:51:25.681Z"
"1761152657","25333110","cmrad3d6d05day4ydn9xyjwqp","SJ84","Sterling Silver Spartan Helmet Ring: Handmade Warrior Jewelry","active","2026-07-12","2026-01-11_to_2026-07-12","UNKNOWN","61","UNKNOWN","UNKNOWN","UNKNOWN","5","UNKNOWN","0","0","USD","UNKNOWN","UNKNOWN","UNKNOWN","UNKNOWN","UNKNOWN","UNKNOWN","UNKNOWN","2026-07-13T07:38:47.940Z","2026-07-10T07:53:49.649Z"
"1761289610","25333110","cmrad227103s6y4ydf0bbcvoy","SP229","Sterling Silver Mermaid Necklace: Pearl Pendant, Ocean Depths","active","2026-07-12","2026-01-11_to_2026-07-12","UNKNOWN","590","UNKNOWN","UNKNOWN","UNKNOWN","68","UNKNOWN","0","0","USD","UNKNOWN","UNKNOWN","UNKNOWN","UNKNOWN","UNKNOWN","UNKNOWN","UNKNOWN","2026-07-13T07:38:47.940Z","2026-07-10T07:52:48.371Z"
"1763723700","25333110","cmraak3zr026cy4w1epkf29rm","SB119","Skull Link Bracelet for Men - 925 Silver Gothic Biker Chain Bracelet","active","2026-07-12","2026-01-11_to_2026-07-12","UNKNOWN","3343","UNKNOWN","UNKNOWN","UNKNOWN","152","UNKNOWN","0","0","USD","UNKNOWN","UNKNOWN","UNKNOWN","UNKNOWN","UNKNOWN","UNKNOWN","UNKNOWN","2026-07-13T07:38:47.940Z","2026-07-10T10:51:08.892Z"
"1765410568","25333110","cmraajhax01ehy4w1v3cf42zg","SJ126","Abstract Face Ring in Sterling Silver - Avant Garde Gothic Ring","active","2026-07-12","2026-01-11_to_2026-07-12","UNKNOWN","391","UNKNOWN","UNKNOWN","UNKNOWN","35","UNKNOWN","1","226","USD","UNKNOWN","UNKNOWN","UNKNOWN","UNKNOWN","UNKNOWN","UNKNOWN","UNKNOWN","2026-07-13T07:38:47.940Z","2026-07-10T10:50:39.484Z"
"1767970801","25333110","cmraaja0h015by4w16l4lczny","SJ114","V Mask Ring in 925 Sterling Silver - Gothic Statement Ring for Men","active","2026-07-12","2026-01-11_to_2026-07-12","UNKNOWN","614","UNKNOWN","UNKNOWN","UNKNOWN","38","UNKNOWN","0","0","USD","UNKNOWN","UNKNOWN","UNKNOWN","UNKNOWN","UNKNOWN","UNKNOWN","UNKNOWN","2026-07-13T07:38:47.940Z","2026-07-10T10:50:30.030Z"
"1767990875","25333110","cmrad32nb050oy4ydlhx1sjhw","SN47","Chunky Figure 8 Sterling Silver Necklace: Brutalist Gothic Mens Jewelry","active","2026-07-12","2026-01-11_to_2026-07-12","UNKNOWN","83","UNKNOWN","UNKNOWN","UNKNOWN","6","UNKNOWN","0","0","USD","UNKNOWN","UNKNOWN","UNKNOWN","UNKNOWN","UNKNOWN","UNKNOWN","UNKNOWN","2026-07-13T07:38:47.940Z","2026-07-10T07:53:35.997Z"
"1768570496","25333110","cmrad2hl004bfy4yd4qmx3x4p","SSB120","Hand-Engraved Black Myth Wukong Bracelet - 999 Silver, 24K Gold Inlay","active","2026-07-12","2026-01-11_to_2026-07-12","UNKNOWN","215","UNKNOWN","UNKNOWN","UNKNOWN","15","UNKNOWN","0","0","USD","UNKNOWN","UNKNOWN","UNKNOWN","UNKNOWN","UNKNOWN","UNKNOWN","UNKNOWN","2026-07-13T07:38:47.940Z","2026-07-10T07:53:08.322Z"
"1772252472","25333110","cmrad1lzg038ky4ydz4nzwfpn","SJ203","Roaring Monkey King Ring - 925 Sterling Silver Wukong Jewelry","active","2026-07-12","2026-01-11_to_2026-07-12","UNKNOWN","121","UNKNOWN","UNKNOWN","UNKNOWN","9","UNKNOWN","0","0","USD","UNKNOWN","UNKNOWN","UNKNOWN","UNKNOWN","UNKNOWN","UNKNOWN","UNKNOWN","2026-07-13T07:38:47.940Z","2026-07-10T07:52:27.379Z"
"1772572586","25333110","cmraaihna006cy4w1j7aa0kd3","SJ274","Demon Horn Skull Ring for Men – Solid 925 Sterling Silver Heavy Gothic Biker Ring, Copper Inlay Short Horns","active","2026-07-12","2026-01-11_to_2026-07-12","UNKNOWN","2070","UNKNOWN","UNKNOWN","UNKNOWN","138","UNKNOWN","1","266","USD","UNKNOWN","UNKNOWN","UNKNOWN","UNKNOWN","UNKNOWN","UNKNOWN","UNKNOWN","2026-07-13T07:38:47.940Z","2026-07-10T10:49:53.288Z"
"1774751484","25333110","cmrad2f5m048ly4yddzt8p5e5","SJ238","Lion Ring for Men – Solid 925 Sterling Silver Roaring Lion King Ring, Gothic Biker Statement Jewelry, Animal Head Power Rings","active","2026-07-12","2026-01-11_to_2026-07-12","UNKNOWN","150","UNKNOWN","UNKNOWN","UNKNOWN","7","UNKNOWN","0","0","USD","UNKNOWN","UNKNOWN","UNKNOWN","UNKNOWN","UNKNOWN","UNKNOWN","UNKNOWN","2026-07-13T07:38:47.940Z","2026-07-10T07:53:05.177Z"
"1775531463","25333110","cmrad2djg046ky4ydjmmsi9r7","SJ205","Sparta Ring for Men – Solid 925 Sterling Silver Spartan Warrior Ring, Gothic Biker Statement Jewelry, Never Give Up Rings","active","2026-07-12","2026-01-11_to_2026-07-12","UNKNOWN","117","UNKNOWN","UNKNOWN","UNKNOWN","9","UNKNOWN","0","0","USD","UNKNOWN","UNKNOWN","UNKNOWN","UNKNOWN","UNKNOWN","UNKNOWN","UNKNOWN","2026-07-13T07:38:47.940Z","2026-07-10T07:53:03.082Z"
"1775544417","25333110","cmraakdpf02iky4w1c162mcq0","SJ283","Heavy Ram Skull Ring for Men – Solid 925 Sterling Silver Aries Zodiac Horn Ring, Gothic Biker Statement Jewelry","active","2026-07-12","2026-01-11_to_2026-07-12","UNKNOWN","291","UNKNOWN","UNKNOWN","UNKNOWN","13","UNKNOWN","1","226","USD","UNKNOWN","UNKNOWN","UNKNOWN","UNKNOWN","UNKNOWN","UNKNOWN","UNKNOWN","2026-07-13T07:38:47.940Z","2026-07-10T10:51:21.487Z"
"1776887865","25333110","cmrad25fm03w2y4ydcr548vfp","SB74","Sterling Silver Nail Bracelet: Biker Punk Cuff, Handmade Rock Jewelry","active","2026-07-12","2026-01-11_to_2026-07-12","UNKNOWN","297","UNKNOWN","UNKNOWN","UNKNOWN","9","UNKNOWN","0","0","USD","UNKNOWN","UNKNOWN","UNKNOWN","UNKNOWN","UNKNOWN","UNKNOWN","UNKNOWN","2026-07-13T07:38:47.940Z","2026-07-10T07:52:52.577Z"
"1777163250","25333110","cmrad2ecl047my4ydk1olood1","SJ132","Wolf Clan Ring for Men – Solid 925 Sterling Silver Fantasy Beast Warrior Ring, Gothic Biker Statement Jewelry","active","2026-07-12","2026-01-11_to_2026-07-12","UNKNOWN","110","UNKNOWN","UNKNOWN","UNKNOWN","6","UNKNOWN","0","0","USD","UNKNOWN","UNKNOWN","UNKNOWN","UNKNOWN","UNKNOWN","UNKNOWN","UNKNOWN","2026-07-13T07:38:47.940Z","2026-07-10T07:53:04.136Z"
"1783344334","25333110","cmraak78002ady4w1v6a20jjt","ACS45","Serpent Coffee Spoon: 925 Silver Snake Stirrer - Gothic Coffee Accessory","active","2026-07-12","2026-01-11_to_2026-07-12","UNKNOWN","411","UNKNOWN","UNKNOWN","UNKNOWN","36","UNKNOWN","0","0","USD","UNKNOWN","UNKNOWN","UNKNOWN","UNKNOWN","UNKNOWN","UNKNOWN","UNKNOWN","2026-07-13T07:38:47.940Z","2026-07-10T10:51:13.079Z"
"1786861482","25333110","cmraaeth800ewy4fxuxutqjp8","SSB104","Handmade Sterling Silver Auspicious Cloud Lovers Bracelets","active","2026-07-12","2026-01-11_to_2026-07-12","UNKNOWN","185","UNKNOWN","UNKNOWN","UNKNOWN","9","UNKNOWN","0","0","USD","UNKNOWN","UNKNOWN","UNKNOWN","UNKNOWN","UNKNOWN","UNKNOWN","UNKNOWN","2026-07-13T07:38:47.940Z","2026-07-10T10:50:55.234Z"
"1787390214","25333110","cmrad3tdk05yvy4ydini9htf8","SSB110","Tochigi Leather Bracelet: Sterling Silver Gothic Buckle, Elegant Handmade Jewelry","active","2026-07-12","2026-01-11_to_2026-07-12","UNKNOWN","65","UNKNOWN","UNKNOWN","UNKNOWN","6","UNKNOWN","1","366","USD","UNKNOWN","UNKNOWN","UNKNOWN","UNKNOWN","UNKNOWN","UNKNOWN","UNKNOWN","2026-07-13T07:38:47.940Z","2026-07-10T10:49:42.804Z"
"1788345000","25333110","cmraaiguf0056y4w15ix9h6de","SJ321","Pitbull Ring - Handcrafted 925 Sterling Silver Unique Dog Lover Gift","active","2026-07-12","2026-01-11_to_2026-07-12","UNKNOWN","895","UNKNOWN","UNKNOWN","UNKNOWN","26","UNKNOWN","0","0","USD","UNKNOWN","UNKNOWN","UNKNOWN","UNKNOWN","UNKNOWN","UNKNOWN","UNKNOWN","2026-07-13T07:38:47.940Z","2026-07-10T10:49:52.241Z"
"1792490833","25333110","cmraak6f2029dy4w15jwx7knq","SB68","Eternal Vows Silver Bracelet – Handmade 999 Sterling Silver Cuff, Carved Spiritual Jewelry","active","2026-07-12","2026-01-11_to_2026-07-12","UNKNOWN","461","UNKNOWN","UNKNOWN","UNKNOWN","19","UNKNOWN","0","0","USD","UNKNOWN","UNKNOWN","UNKNOWN","UNKNOWN","UNKNOWN","UNKNOWN","UNKNOWN","2026-07-13T07:38:47.940Z","2026-07-10T10:51:12.029Z"
"1794905106","25333110","cmraaiyo500ray4w1btfr3tgk","SP56","Sterling Silver Skull Dog Tag Necklace - Brass Gothic Biker Pendant","active","2026-07-12","2026-01-11_to_2026-07-12","UNKNOWN","214","UNKNOWN","UNKNOWN","UNKNOWN","10","UNKNOWN","0","0","USD","UNKNOWN","UNKNOWN","UNKNOWN","UNKNOWN","UNKNOWN","UNKNOWN","UNKNOWN","2026-07-13T07:38:47.940Z","2026-07-10T10:50:15.334Z"
"1795913803","25333110","cmraaev0f00ity4fx9g16h6sc","SP229","Carved Sterling Silver Heart Pendant Necklace: Romantic Handmade Jewelry","active","2026-07-12","2026-01-11_to_2026-07-12","UNKNOWN","77","UNKNOWN","UNKNOWN","UNKNOWN","6","UNKNOWN","0","0","USD","UNKNOWN","UNKNOWN","UNKNOWN","UNKNOWN","UNKNOWN","UNKNOWN","UNKNOWN","2026-07-13T07:38:47.940Z","2026-07-10T10:51:16.245Z"
"1798014796","25333110","cmraaipr500gay4w13hpf85eb","SJ176","Monkey King Ring - Handcrafted Sterling Silver Angry Monkey Art","active","2026-07-12","2026-01-11_to_2026-07-12","UNKNOWN","63","UNKNOWN","UNKNOWN","UNKNOWN","2","UNKNOWN","0","0","USD","UNKNOWN","UNKNOWN","UNKNOWN","UNKNOWN","UNKNOWN","UNKNOWN","UNKNOWN","2026-07-13T07:38:47.940Z","2026-07-10T10:50:03.793Z"
"1798035964","25333110","cmraaioxz00f8y4w1kiay5r1b","SP236","Sterling Silver Pitbull Pendant: Gothic Bully Dog Necklace, Pet Memorial","active","2026-07-12","2026-01-11_to_2026-07-12","UNKNOWN","213","UNKNOWN","UNKNOWN","UNKNOWN","7","UNKNOWN","0","0","USD","UNKNOWN","UNKNOWN","UNKNOWN","UNKNOWN","UNKNOWN","UNKNOWN","UNKNOWN","2026-07-13T07:38:47.940Z","2026-07-10T10:50:02.743Z"
"1805618761","25333110","cmraajbmh0177y4w1k3k3sy02","SB46","Handmade Sterling Silver Edges Bracelet - Gothic Mens Silver Bracelet","active","2026-07-12","2026-01-11_to_2026-07-12","UNKNOWN","364","UNKNOWN","UNKNOWN","UNKNOWN","28","UNKNOWN","0","0","USD","UNKNOWN","UNKNOWN","UNKNOWN","UNKNOWN","UNKNOWN","UNKNOWN","UNKNOWN","2026-07-13T07:38:47.940Z","2026-07-10T10:50:32.132Z"
"1806551607","25333110","cmraaer6p008ey4fxch945qpm","SJ322","Sterling Silver Wolf Ring for Men - Gothic Viking Statement Ring","active","2026-07-12","2026-01-11_to_2026-07-12","UNKNOWN","238","UNKNOWN","UNKNOWN","UNKNOWN","10","UNKNOWN","0","0","USD","UNKNOWN","UNKNOWN","UNKNOWN","UNKNOWN","UNKNOWN","UNKNOWN","UNKNOWN","2026-07-13T07:38:47.940Z","2026-07-10T10:50:27.940Z"
"1810073067","25333110","cmraaiw8g00o9y4w1uikpdix6","SJ225","Sterling Silver Lion Ring for Men - Strength Animal Statement Ring","active","2026-07-12","2026-01-11_to_2026-07-12","UNKNOWN","220","UNKNOWN","UNKNOWN","UNKNOWN","9","UNKNOWN","0","0","USD","UNKNOWN","UNKNOWN","UNKNOWN","UNKNOWN","UNKNOWN","UNKNOWN","UNKNOWN","2026-07-13T07:38:47.940Z","2026-07-10T10:50:12.181Z"
"1813113727","25333110","cmraajat90168y4w1ovo9szze","SJ07","Half Jaw Skull Ring for Men - 925 Sterling Silver Biker Ring","active","2026-07-12","2026-01-11_to_2026-07-12","UNKNOWN","279","UNKNOWN","UNKNOWN","UNKNOWN","12","UNKNOWN","0","0","USD","UNKNOWN","UNKNOWN","UNKNOWN","UNKNOWN","UNKNOWN","UNKNOWN","UNKNOWN","2026-07-13T07:38:47.940Z","2026-07-10T10:50:31.081Z"
"1813612661","25333110","cmraainc700d5y4w1bcxd9w1p","SJ323","Hand-Chiseled Sterling Silver Jaguar Ring: Mayan Tribal Claw Band","active","2026-07-12","2026-01-11_to_2026-07-12","UNKNOWN","272","UNKNOWN","UNKNOWN","UNKNOWN","18","UNKNOWN","0","0","USD","UNKNOWN","UNKNOWN","UNKNOWN","UNKNOWN","UNKNOWN","UNKNOWN","UNKNOWN","2026-07-13T07:38:47.940Z","2026-07-10T10:50:00.640Z"
"1814709473","25333110","cmrad1msu039iy4ydxjjpcfcf","SB56","Skull Chain Bracelet – Solid 925 Sterling Silver Heavy Gothic Biker Bracelet, Mens Skull Jewelry Statement Piece","active","2026-07-12","2026-01-11_to_2026-07-12","UNKNOWN","233","UNKNOWN","UNKNOWN","UNKNOWN","7","UNKNOWN","0","0","USD","UNKNOWN","UNKNOWN","UNKNOWN","UNKNOWN","UNKNOWN","UNKNOWN","UNKNOWN","2026-07-13T07:38:47.940Z","2026-07-10T07:52:28.432Z"
"1815479817","25333110","cmraaiih2007cy4w1r3ndsa0v","SP237","Sterling Silver Monkey Necklace: Handmade Animal Totem Pendant","active","2026-07-12","2026-01-11_to_2026-07-12","UNKNOWN","81","UNKNOWN","UNKNOWN","UNKNOWN","1","UNKNOWN","0","0","USD","UNKNOWN","UNKNOWN","UNKNOWN","UNKNOWN","UNKNOWN","UNKNOWN","UNKNOWN","2026-07-13T07:38:47.940Z","2026-07-10T10:49:54.352Z"
"1817872476","25333110","cmrad352w053fy4ydkqljxw93","SN54","Quad Skull Sterling Silver Necklace: Gothic Halloween Pendant","active","2026-07-12","2026-01-11_to_2026-07-12","UNKNOWN","107","UNKNOWN","UNKNOWN","UNKNOWN","4","UNKNOWN","0","0","USD","UNKNOWN","UNKNOWN","UNKNOWN","UNKNOWN","UNKNOWN","UNKNOWN","UNKNOWN","2026-07-13T07:38:47.940Z","2026-07-10T07:53:39.150Z"
"1822724358","25333110","cmrad2w5u04t0y4ydzxx1yv2e","SP171","Sterling Silver Lucky Horseshoe Necklace: Witchcraft Amulet Jewelry","active","2026-07-12","2026-01-11_to_2026-07-12","UNKNOWN","92","UNKNOWN","UNKNOWN","UNKNOWN","4","UNKNOWN","0","0","USD","UNKNOWN","UNKNOWN","UNKNOWN","UNKNOWN","UNKNOWN","UNKNOWN","UNKNOWN","2026-07-13T07:38:47.940Z","2026-07-10T07:53:27.221Z"
"1823952340","25333110","cmraajyb501zky4w1fclh54ce","SJ330","Ruby Skull Ring Sterling Silver | Gothic Skull Band for Men","active","2026-07-12","2026-01-11_to_2026-07-12","UNKNOWN","223","UNKNOWN","UNKNOWN","UNKNOWN","16","UNKNOWN","1","288","USD","UNKNOWN","UNKNOWN","UNKNOWN","UNKNOWN","UNKNOWN","UNKNOWN","UNKNOWN","2026-07-13T07:38:47.940Z","2026-07-10T10:51:01.539Z"
"1825081698","25333110","cmrad2aag0428y4ydwwozgwb1","ACS06","Skull Money Clip: Sterling Silver & Brass Gothic Biker Wallet","active","2026-07-12","2026-01-11_to_2026-07-12","UNKNOWN","221","UNKNOWN","UNKNOWN","UNKNOWN","15","UNKNOWN","0","0","USD","UNKNOWN","UNKNOWN","UNKNOWN","UNKNOWN","UNKNOWN","UNKNOWN","UNKNOWN","2026-07-13T07:38:47.940Z","2026-07-10T07:52:58.878Z"
"1827467695","25333110","cmraajld301jcy4w1cpg5l6hx","SJ155","Heavy Horseshoe Ring for Men - 925 Silver Lucky Biker Statement Ring","active","2026-07-12","2026-01-11_to_2026-07-12","UNKNOWN","289","UNKNOWN","UNKNOWN","UNKNOWN","21","UNKNOWN","2","452","USD","UNKNOWN","UNKNOWN","UNKNOWN","UNKNOWN","UNKNOWN","UNKNOWN","UNKNOWN","2026-07-13T07:38:47.940Z","2026-07-10T10:50:44.731Z"
"1828464173","25333110","cmrad3aqx05aey4yd947zuwfd","SN33","925 Sterling Silver Skull Bead Necklace: Gothic Spine Jewelry","active","2026-07-12","2026-01-11_to_2026-07-12","UNKNOWN","263","UNKNOWN","UNKNOWN","UNKNOWN","14","UNKNOWN","0","0","USD","UNKNOWN","UNKNOWN","UNKNOWN","UNKNOWN","UNKNOWN","UNKNOWN","UNKNOWN","2026-07-13T07:38:47.940Z","2026-07-10T07:53:46.491Z"
"1829235400","25333110","cmrad21dt03r2y4ydhp0d7qh2","SP229-2","Sterling Silver Rabbit Pendant Necklace: Handmade Pearl Accent","active","2026-07-12","2026-01-11_to_2026-07-12","UNKNOWN","81","UNKNOWN","UNKNOWN","UNKNOWN","13","UNKNOWN","0","0","USD","UNKNOWN","UNKNOWN","UNKNOWN","UNKNOWN","UNKNOWN","UNKNOWN","UNKNOWN","2026-07-13T07:38:47.940Z","2026-07-10T07:52:47.322Z"
"1834805146","25333110","cmrad1iqx033sy4ydfy2cy3sn","SN55","Men&#39;s Sterling Silver Cross Necklace: Industrial Gothic, Biker Style","active","2026-07-12","2026-01-11_to_2026-07-12","UNKNOWN","176","UNKNOWN","UNKNOWN","UNKNOWN","8","UNKNOWN","0","0","USD","UNKNOWN","UNKNOWN","UNKNOWN","UNKNOWN","UNKNOWN","UNKNOWN","UNKNOWN","2026-07-13T07:38:47.940Z","2026-07-10T07:52:23.175Z"
"1839863477","25333110","cmraajole01nby4w11zylxoy3","SJ270","Middle Finger Ring in 925 Silver - Geometric Statement Ring for Men","active","2026-07-12","2026-01-11_to_2026-07-12","UNKNOWN","184","UNKNOWN","UNKNOWN","UNKNOWN","16","UNKNOWN","0","0","USD","UNKNOWN","UNKNOWN","UNKNOWN","UNKNOWN","UNKNOWN","UNKNOWN","UNKNOWN","2026-07-13T07:38:47.940Z","2026-07-10T10:50:48.951Z"
"1840081864","25333110","cmraaizgw00s8y4w1js8qr2ns","SN51","Heavy 925 Silver Chain Necklace for Men - Handmade Minimalist Chain","active","2026-07-12","2026-01-11_to_2026-07-12","UNKNOWN","377","UNKNOWN","UNKNOWN","UNKNOWN","15","UNKNOWN","2","552","USD","UNKNOWN","UNKNOWN","UNKNOWN","UNKNOWN","UNKNOWN","UNKNOWN","UNKNOWN","2026-07-13T07:38:47.940Z","2026-07-10T10:50:16.375Z"
"1849040351","25333110","cmrad1sgy03gay4ydupk1zpnc","SB124","Hook Bracelet 925 Sterling Silver | Minimalist Handmade Silver Chain","active","2026-07-12","2026-01-11_to_2026-07-12","UNKNOWN","197","UNKNOWN","UNKNOWN","UNKNOWN","22","UNKNOWN","0","0","USD","UNKNOWN","UNKNOWN","UNKNOWN","UNKNOWN","UNKNOWN","UNKNOWN","UNKNOWN","2026-07-13T07:38:47.940Z","2026-07-10T07:52:35.775Z"
"1849471197","25333110","cmraaj2q000w0y4w1k280ry0e","SB123","Sterling Silver Cross Cuff Bracelet - Gothic Unisex Statement Bracelet","active","2026-07-12","2026-01-11_to_2026-07-12","UNKNOWN","404","UNKNOWN","UNKNOWN","UNKNOWN","20","UNKNOWN","0","0","USD","UNKNOWN","UNKNOWN","UNKNOWN","UNKNOWN","UNKNOWN","UNKNOWN","UNKNOWN","2026-07-13T07:38:47.940Z","2026-07-10T10:50:20.586Z"
"1851967837","25333110","cmraak2de024cy4w11uyg2dic","SJ32","Heavy Green Rage Monster Ring for Men – Solid 925 Sterling Silver Gothic Biker Statement Jewelry, Hulk Inspired Power Ring","active","2026-07-12","2026-01-11_to_2026-07-12","UNKNOWN","466","UNKNOWN","UNKNOWN","UNKNOWN","27","UNKNOWN","0","0","USD","UNKNOWN","UNKNOWN","UNKNOWN","UNKNOWN","UNKNOWN","UNKNOWN","UNKNOWN","2026-07-13T07:38:47.940Z","2026-07-10T10:51:06.791Z"
"1855584125","25333110","cmraaj4cl00y9y4w1dp6bn8fm","SN49","Heavy Sterling Silver Chain Necklace for Men - Handmade Statement Chain","active","2026-07-12","2026-01-11_to_2026-07-12","UNKNOWN","198","UNKNOWN","UNKNOWN","UNKNOWN","11","UNKNOWN","0","0","USD","UNKNOWN","UNKNOWN","UNKNOWN","UNKNOWN","UNKNOWN","UNKNOWN","UNKNOWN","2026-07-13T07:38:47.940Z","2026-07-10T10:50:22.686Z"
"1860571435","25333110","cmraakc3d02gly4w1bmy7lwjp","SB73","Joker Skull Sterling Silver Bracelet: Gothic Dark Humor Chain","active","2026-07-12","2026-01-11_to_2026-07-12","UNKNOWN","107","UNKNOWN","UNKNOWN","UNKNOWN","3","UNKNOWN","0","0","USD","UNKNOWN","UNKNOWN","UNKNOWN","UNKNOWN","UNKNOWN","UNKNOWN","UNKNOWN","2026-07-13T07:38:47.940Z","2026-07-10T10:51:19.388Z"
"1865435490","25333110","cmraajnrw01m7y4w1np8thaxc","SP189","Amenadiel Angel Pendant Necklace - 925 Silver Gothic Talisman","active","2026-07-12","2026-01-11_to_2026-07-12","UNKNOWN","9660","UNKNOWN","UNKNOWN","UNKNOWN","353","UNKNOWN","8","2320","USD","UNKNOWN","UNKNOWN","UNKNOWN","UNKNOWN","UNKNOWN","UNKNOWN","UNKNOWN","2026-07-13T07:38:47.940Z","2026-07-10T10:50:47.885Z"
"1871739460","25333110","cmrad3pc405try4yd5nfxm2bi","SB126","Sterling Silver Skull Chain Bracelet: Punk Gothic S-Buckle Jewelry","active","2026-07-12","2026-01-11_to_2026-07-12","UNKNOWN","299","UNKNOWN","UNKNOWN","UNKNOWN","15","UNKNOWN","0","0","USD","UNKNOWN","UNKNOWN","UNKNOWN","UNKNOWN","UNKNOWN","UNKNOWN","UNKNOWN","2026-07-13T07:38:47.940Z","2026-07-10T07:54:05.404Z"
"1876946944","25333110","cmrad39y2059cy4yd4tjnzsu5","SP629","Handmade Sterling Silver Shell-Set 9mm Freshwater Pearl Necklace - Lucky Birthday Gift Jewelry for Women","active","2026-07-12","2026-01-11_to_2026-07-12","UNKNOWN","120","UNKNOWN","UNKNOWN","UNKNOWN","8","UNKNOWN","0","0","USD","UNKNOWN","UNKNOWN","UNKNOWN","UNKNOWN","UNKNOWN","UNKNOWN","UNKNOWN","2026-07-13T07:38:47.940Z","2026-07-10T07:53:45.455Z"
"1880157304","25333110","cmrad349v052hy4ydjg3flop4","SP218","Personalized Sterling Silver Name Necklace: Custom Engraved Jewelry Gift","active","2026-07-12","2026-01-11_to_2026-07-12","UNKNOWN","634","UNKNOWN","UNKNOWN","UNKNOWN","182","UNKNOWN","0","0","USD","UNKNOWN","UNKNOWN","UNKNOWN","UNKNOWN","UNKNOWN","UNKNOWN","UNKNOWN","2026-07-13T07:38:47.940Z","2026-07-10T07:53:38.108Z"
"1883023114","25333110","cmrad1quo03eey4yd5wiglj1c","SSB128","Handcrafted 24K Gold Mobius Bracelet: Sterling Silver Infinity Bangle","active","2026-07-12","2026-01-11_to_2026-07-12","UNKNOWN","650","UNKNOWN","UNKNOWN","UNKNOWN","31","UNKNOWN","0","0","USD","UNKNOWN","UNKNOWN","UNKNOWN","UNKNOWN","UNKNOWN","UNKNOWN","UNKNOWN","2026-07-13T07:38:47.940Z","2026-07-10T07:52:33.685Z"
"1887413314","25333110","cmrad27uw03z5y4ydfm5zu8xh","SP268","Gothic Biker Jewelry - Handmade Sterling Silver Skull Pendant Necklace","active","2026-07-12","2026-01-11_to_2026-07-12","UNKNOWN","83","UNKNOWN","UNKNOWN","UNKNOWN","8","UNKNOWN","0","0","USD","UNKNOWN","UNKNOWN","UNKNOWN","UNKNOWN","UNKNOWN","UNKNOWN","UNKNOWN","2026-07-13T07:38:47.940Z","2026-07-10T07:52:55.722Z"
"1889571536","25333110","cmrad230503t7y4ydqmg2gls6","SP300","Sterling Silver Deer Pendant with Gold Ribbon: Titanium Chain","active","2026-07-12","2026-01-11_to_2026-07-12","UNKNOWN","140","UNKNOWN","UNKNOWN","UNKNOWN","8","UNKNOWN","0","0","USD","UNKNOWN","UNKNOWN","UNKNOWN","UNKNOWN","UNKNOWN","UNKNOWN","UNKNOWN","2026-07-13T07:38:47.940Z","2026-07-10T07:52:49.426Z"
"1891104150","25333110","cmrad1xbx03m3y4yd2dmsmx11","SB189","Heavy Sterling Silver Skull Bracelet - Horseshoe Buckle Chain","active","2026-07-12","2026-01-11_to_2026-07-12","UNKNOWN","236","UNKNOWN","UNKNOWN","UNKNOWN","18","UNKNOWN","0","0","USD","UNKNOWN","UNKNOWN","UNKNOWN","UNKNOWN","UNKNOWN","UNKNOWN","UNKNOWN","2026-07-13T07:38:47.940Z","2026-07-10T07:52:42.081Z"
"1891872284","25333110","cmrad1vpj03k6y4ydzcyzfo4l","SSB99","Hand Forged 999 Silver Dragon Scale Cuff Bracelet with 24K Gold Accents","active","2026-07-12","2026-01-11_to_2026-07-12","UNKNOWN","227","UNKNOWN","UNKNOWN","UNKNOWN","24","UNKNOWN","0","0","USD","UNKNOWN","UNKNOWN","UNKNOWN","UNKNOWN","UNKNOWN","UNKNOWN","UNKNOWN","2026-07-13T07:38:47.940Z","2026-07-10T07:52:39.982Z"
"1892386117","25333110","cmraaj96t0149y4w1zjsok78f","SK01","Sterling Silver Skull Trouser Chain - Heavy Gothic Biker Pants Chain","active","2026-07-12","2026-01-11_to_2026-07-12","UNKNOWN","2360","UNKNOWN","UNKNOWN","UNKNOWN","122","UNKNOWN","0","0","USD","UNKNOWN","UNKNOWN","UNKNOWN","UNKNOWN","UNKNOWN","UNKNOWN","UNKNOWN","2026-07-13T07:38:47.940Z","2026-07-10T10:50:28.993Z"
"1893979797","25333110","cmrad35w1054fy4yd7g8sfhct","SB69","Men&#39;s Sterling Silver Weave Bracelet: Adjustable Handmade Jewelry","active","2026-07-12","2026-01-11_to_2026-07-12","UNKNOWN","50","UNKNOWN","UNKNOWN","UNKNOWN","6","UNKNOWN","0","0","USD","UNKNOWN","UNKNOWN","UNKNOWN","UNKNOWN","UNKNOWN","UNKNOWN","UNKNOWN","2026-07-13T07:38:47.940Z","2026-07-10T07:53:40.202Z"
"1901580733","25333110","cmrad28o90406y4ydb3rkmxns","ACS06","925 Silver Snake Ear Cuffs: Gothic Serpent Climbers, Halloween Jewelry","active","2026-07-12","2026-01-11_to_2026-07-12","UNKNOWN","115","UNKNOWN","UNKNOWN","UNKNOWN","16","UNKNOWN","0","0","USD","UNKNOWN","UNKNOWN","UNKNOWN","UNKNOWN","UNKNOWN","UNKNOWN","UNKNOWN","2026-07-13T07:38:47.940Z","2026-07-10T07:52:56.792Z"
"1901648345","25333110","cmrad268u03x4y4ydy5gvalc1","SB108","Handmade Sterling Silver Skull Bracelet: Edgy Biker Gothic Jewelry","active","2026-07-12","2026-01-11_to_2026-07-12","UNKNOWN","278","UNKNOWN","UNKNOWN","UNKNOWN","27","UNKNOWN","0","0","USD","UNKNOWN","UNKNOWN","UNKNOWN","UNKNOWN","UNKNOWN","UNKNOWN","UNKNOWN","2026-07-13T07:38:47.940Z","2026-07-10T07:52:53.638Z"
"1903763579","25333110","cmrad2zew04x3y4ydq5pwljjr","SB126","Handmade Sterling Silver Snake Bracelet: Adjustable Boho Armlet","active","2026-07-12","2026-01-11_to_2026-07-12","UNKNOWN","319","UNKNOWN","UNKNOWN","UNKNOWN","33","UNKNOWN","0","0","USD","UNKNOWN","UNKNOWN","UNKNOWN","UNKNOWN","UNKNOWN","UNKNOWN","UNKNOWN","2026-07-13T07:38:47.940Z","2026-07-10T07:53:31.422Z"
"1903822437","25333110","cmrad1rnt03fey4ydu58hcncl","SB88","Handmade Sterling Silver Wolf Bracelet: Viking Leather Cord Jewelry","active","2026-07-12","2026-01-11_to_2026-07-12","UNKNOWN","375","UNKNOWN","UNKNOWN","UNKNOWN","11","UNKNOWN","2","330","USD","UNKNOWN","UNKNOWN","UNKNOWN","UNKNOWN","UNKNOWN","UNKNOWN","UNKNOWN","2026-07-13T07:38:47.940Z","2026-07-10T07:52:34.737Z"
"1903902091","25333110","cmrad36p20557y4yd5b83q4tg","SJ76","Sterling Silver Jester Ring — Gothic Skull Clown Statement (Unisex)","active","2026-07-12","2026-01-11_to_2026-07-12","UNKNOWN","184","UNKNOWN","UNKNOWN","UNKNOWN","15","UNKNOWN","0","0","USD","UNKNOWN","UNKNOWN","UNKNOWN","UNKNOWN","UNKNOWN","UNKNOWN","UNKNOWN","2026-07-13T07:38:47.940Z","2026-07-10T07:53:41.254Z"
"1904326413","25333110","cmrad1yyo03o1y4ydn1i3b2g7","SB129","Handmade Interlocking Nail Sterling Silver Bracelet: Edgy Unisex Chain","active","2026-07-12","2026-01-11_to_2026-07-12","UNKNOWN","263","UNKNOWN","UNKNOWN","UNKNOWN","14","UNKNOWN","0","0","USD","UNKNOWN","UNKNOWN","UNKNOWN","UNKNOWN","UNKNOWN","UNKNOWN","UNKNOWN","2026-07-13T07:38:47.940Z","2026-07-10T07:52:44.185Z"
"4295410951","25333110","cmrad37ij0567y4ydhzvkvn0j","SP84","Sterling Silver Unicorn Pendant Necklace: Handmade Fantasy Jewelry","active","2026-07-12","2026-01-11_to_2026-07-12","UNKNOWN","174","UNKNOWN","UNKNOWN","UNKNOWN","13","UNKNOWN","0","0","USD","UNKNOWN","UNKNOWN","UNKNOWN","UNKNOWN","UNKNOWN","UNKNOWN","UNKNOWN","2026-07-13T07:38:47.940Z","2026-07-10T07:53:42.293Z"
"4296871750","25333110","cmraak81a02bby4w1qmnqmuhd","SN26","Sterling Silver Double Snake Head Necklace: Adjustable Charm Pendant Necklace","active","2026-07-12","2026-01-11_to_2026-07-12","UNKNOWN","177","UNKNOWN","UNKNOWN","UNKNOWN","19","UNKNOWN","0","0","USD","UNKNOWN","UNKNOWN","UNKNOWN","UNKNOWN","UNKNOWN","UNKNOWN","UNKNOWN","2026-07-13T07:38:47.940Z","2026-07-10T10:51:14.151Z"
"4298603550","25333110","cmrad1p8503coy4ydpff8w3mi","SJ112","Geometric Skull Ring: 925 Sterling Silver Gothic Statement","active","2026-07-12","2026-01-11_to_2026-07-12","UNKNOWN","69","UNKNOWN","UNKNOWN","UNKNOWN","5","UNKNOWN","0","0","USD","UNKNOWN","UNKNOWN","UNKNOWN","UNKNOWN","UNKNOWN","UNKNOWN","UNKNOWN","2026-07-13T07:38:47.940Z","2026-07-10T07:52:31.575Z"
"4301347002","25333110","cmrad2vcx04s1y4ydx7g48lkh","SD26","Hand-Carved Sterling Silver Skull Lighter Case – Gothic Bic J5 Cover","active","2026-07-12","2026-01-11_to_2026-07-12","UNKNOWN","600","UNKNOWN","UNKNOWN","UNKNOWN","66","UNKNOWN","0","0","USD","UNKNOWN","UNKNOWN","UNKNOWN","UNKNOWN","UNKNOWN","UNKNOWN","UNKNOWN","2026-07-13T07:38:47.940Z","2026-07-10T07:53:26.181Z"
"4301414719","25333110","cmraajr0m01qby4w1p8omd46b","SD27","Sterling Silver Lighter Case – Chinese Mythical Beast, Gothic Flame Holder","active","2026-07-12","2026-01-11_to_2026-07-12","UNKNOWN","470","UNKNOWN","UNKNOWN","UNKNOWN","33","UNKNOWN","0","0","USD","UNKNOWN","UNKNOWN","UNKNOWN","UNKNOWN","UNKNOWN","UNKNOWN","UNKNOWN","2026-07-13T07:38:47.940Z","2026-07-10T10:50:52.087Z"
"4301443816","25333110","cmrad1h4r031uy4ydpq9oc59o","SD28","Skull Lighter Case - 925 Sterling Silver & Brass, Gothic Smoker Accessory","active","2026-07-12","2026-01-11_to_2026-07-12","UNKNOWN","181","UNKNOWN","UNKNOWN","UNKNOWN","12","UNKNOWN","0","0","USD","UNKNOWN","UNKNOWN","UNKNOWN","UNKNOWN","UNKNOWN","UNKNOWN","UNKNOWN","2026-07-13T07:38:47.940Z","2026-07-10T07:52:21.086Z"
"4304599857","25333110","cmraajvvm01wly4w10kqtbhtd","SN17","Skull Hook Necklace: 925 Sterling Silver Gothic Pendant, Brutalist Biker Jewelry","active","2026-07-12","2026-01-11_to_2026-07-12","UNKNOWN","98","UNKNOWN","UNKNOWN","UNKNOWN","5","UNKNOWN","0","0","USD","UNKNOWN","UNKNOWN","UNKNOWN","UNKNOWN","UNKNOWN","UNKNOWN","UNKNOWN","2026-07-13T07:38:47.940Z","2026-07-10T10:50:58.388Z"
"4305687814","25333110","cmraakk6p02r0y4w1astsgyhr","SJ238","Tiger Ring for Men in 925 Sterling Silver, Hand Carved Zodiac Animal Ring, Gothic Biker Totem Jewelry","active","2026-07-12","2026-01-11_to_2026-07-12","UNKNOWN","20","UNKNOWN","UNKNOWN","UNKNOWN","1","UNKNOWN","0","0","USD","UNKNOWN","UNKNOWN","UNKNOWN","UNKNOWN","UNKNOWN","UNKNOWN","UNKNOWN","2026-07-13T07:38:47.940Z","2026-07-10T10:51:29.881Z"
"4307018590","25333110","cmraakcwe02hiy4w1hzwra4bd","SP89","Hand-Forged Sterling Silver Skull Pendant: Gothic Biker Jewelry","active","2026-07-12","2026-01-11_to_2026-07-12","UNKNOWN","145","UNKNOWN","UNKNOWN","UNKNOWN","20","UNKNOWN","0","0","USD","UNKNOWN","UNKNOWN","UNKNOWN","UNKNOWN","UNKNOWN","UNKNOWN","UNKNOWN","2026-07-13T07:38:47.940Z","2026-07-10T10:51:20.426Z"
"4309463444","25333110","cmrad1bgb02uwy4yd0p2h224a","CBS01","Custom Solid Brass Car Emblem: Engraved Vintage Vehicle Badge","active","2026-07-12","2026-01-11_to_2026-07-12","UNKNOWN","902","UNKNOWN","UNKNOWN","UNKNOWN","22","UNKNOWN","4","1269","USD","UNKNOWN","UNKNOWN","UNKNOWN","UNKNOWN","UNKNOWN","UNKNOWN","UNKNOWN","2026-07-13T07:38:47.940Z","2026-07-10T10:49:45.942Z"
"4311735900","25333110","cmraajghy01diy4w1pl2pzo2f","CBS02","Custom Brass Cowboy Car Emblem - Western Auto Badge with 3M Adhesive","active","2026-07-12","2026-01-11_to_2026-07-12","UNKNOWN","97","UNKNOWN","UNKNOWN","UNKNOWN","0","UNKNOWN","0","0","USD","UNKNOWN","UNKNOWN","UNKNOWN","UNKNOWN","UNKNOWN","UNKNOWN","UNKNOWN","2026-07-13T07:38:47.940Z","2026-07-10T10:50:38.438Z"
"4311760608","25333110","cmraajwp401xay4w1zjo10dn3","EH03","Snake Ear Cuff in 925 Silver - Gothic Serpent Ear Climber","active","2026-07-12","2026-01-11_to_2026-07-12","UNKNOWN","664","UNKNOWN","UNKNOWN","UNKNOWN","76","UNKNOWN","0","0","USD","UNKNOWN","UNKNOWN","UNKNOWN","UNKNOWN","UNKNOWN","UNKNOWN","UNKNOWN","2026-07-13T07:38:47.940Z","2026-07-10T10:50:59.431Z"
"4311916489","25333110","cmraajv2r01vpy4w1xn7g0fgv","SB201","Hammered Sterling Silver Bangle: Lunar Crater Texture, Adjustable Boho Cuff","active","2026-07-12","2026-01-11_to_2026-07-12","UNKNOWN","34","UNKNOWN","UNKNOWN","UNKNOWN","1","UNKNOWN","0","0","USD","UNKNOWN","UNKNOWN","UNKNOWN","UNKNOWN","UNKNOWN","UNKNOWN","UNKNOWN","2026-07-13T07:38:47.940Z","2026-07-10T10:50:57.336Z"
"4321899485","25333110","cmraaium900mly4w1j05jog0u","SSB90","999 Silver Meteorite Bangle with 24K Gold Inlay - Handmade Cuff","active","2026-07-12","2026-01-11_to_2026-07-12","UNKNOWN","270","UNKNOWN","UNKNOWN","UNKNOWN","13","UNKNOWN","0","0","USD","UNKNOWN","UNKNOWN","UNKNOWN","UNKNOWN","UNKNOWN","UNKNOWN","UNKNOWN","2026-07-13T07:38:47.940Z","2026-07-10T10:50:10.101Z"
"4323472729","25333110","cmraaepdg003wy4fx7odh9jpq","CBS03","Custom Brass Eagle Motorcycle Emblem: Harley Rider Badge with 3M Adhesive","active","2026-07-12","2026-01-11_to_2026-07-12","UNKNOWN","282","UNKNOWN","UNKNOWN","UNKNOWN","1","UNKNOWN","0","0","USD","UNKNOWN","UNKNOWN","UNKNOWN","UNKNOWN","UNKNOWN","UNKNOWN","UNKNOWN","2026-07-13T07:38:47.940Z","2026-07-10T10:50:06.931Z"
"4325777965","25333110","cmraaimjl00cby4w1waen9gb5","SB130","Handmade Sterling Silver Rattlesnake Bangle: Unisex Serpent Cuff Bracelet","active","2026-07-12","2026-01-11_to_2026-07-12","UNKNOWN","930","UNKNOWN","UNKNOWN","UNKNOWN","94","UNKNOWN","0","0","USD","UNKNOWN","UNKNOWN","UNKNOWN","UNKNOWN","UNKNOWN","UNKNOWN","UNKNOWN","2026-07-13T07:38:47.940Z","2026-07-10T10:49:59.593Z"
"4326417911","25333110","cmrad2yli04w1y4ydylav7cko","CBS04","Custom Brass Motorcycle Emblem: Harley Rider Eagle Badge, 3M Adhesive","active","2026-07-12","2026-01-11_to_2026-07-12","UNKNOWN","441","UNKNOWN","UNKNOWN","UNKNOWN","1","UNKNOWN","2","672","USD","UNKNOWN","UNKNOWN","UNKNOWN","UNKNOWN","UNKNOWN","UNKNOWN","UNKNOWN","2026-07-13T07:38:47.940Z","2026-07-10T07:53:30.379Z"
"4327672372","25333110","cmraaeote002zy4fxfocq6poc","SJ336","Wolf Ring Viking Mens Jewelry Hand Carved Sterling Silver","active","2026-07-12","2026-01-11_to_2026-07-12","UNKNOWN","383","UNKNOWN","UNKNOWN","UNKNOWN","7","UNKNOWN","0","0","USD","UNKNOWN","UNKNOWN","UNKNOWN","UNKNOWN","UNKNOWN","UNKNOWN","UNKNOWN","2026-07-13T07:38:47.940Z","2026-07-10T10:49:57.475Z"
"4330006796","25333110","cmraaenpf0002y4fx4n6cwl37","SK02","Sterling Silver Skull Pants Chain: Gothic Biker Wallet Chain, Motorcycle Accessory","active","2026-07-12","2026-01-11_to_2026-07-12","UNKNOWN","529","UNKNOWN","UNKNOWN","UNKNOWN","30","UNKNOWN","0","0","USD","UNKNOWN","UNKNOWN","UNKNOWN","UNKNOWN","UNKNOWN","UNKNOWN","UNKNOWN","2026-07-13T07:38:47.940Z","2026-07-10T10:49:46.984Z"
"4333603775","25333110","cmrad3q5c05ury4ydp4kit53z","EH03","Hand-Chiseled Sterling Silver Bow Earrings: Minimalist Knot Studs","active","2026-07-12","2026-01-11_to_2026-07-12","UNKNOWN","31","UNKNOWN","UNKNOWN","UNKNOWN","4","UNKNOWN","0","0","USD","UNKNOWN","UNKNOWN","UNKNOWN","UNKNOWN","UNKNOWN","UNKNOWN","UNKNOWN","2026-07-13T07:38:47.940Z","2026-07-10T07:54:06.440Z"
"4334236359","25333110","cmrad3laa05ody4ydf56tb6sh","SK03","Heavy Sterling Silver Pants Chain: Hip Hop Streetwear, Chunky Link Waist Chain","active","2026-07-12","2026-01-11_to_2026-07-12","UNKNOWN","281","UNKNOWN","UNKNOWN","UNKNOWN","10","UNKNOWN","0","0","USD","UNKNOWN","UNKNOWN","UNKNOWN","UNKNOWN","UNKNOWN","UNKNOWN","UNKNOWN","2026-07-13T07:38:47.940Z","2026-07-10T07:54:00.166Z"
"4335043731","25333110","cmrad3i1g05k2y4ydtwgxpsje","BRC25","Hand-Carved Sterling Silver Crane Brooch: Japanese Minimalist Jewelry","active","2026-07-12","2026-01-11_to_2026-07-12","UNKNOWN","305","UNKNOWN","UNKNOWN","UNKNOWN","34","UNKNOWN","0","0","USD","UNKNOWN","UNKNOWN","UNKNOWN","UNKNOWN","UNKNOWN","UNKNOWN","UNKNOWN","2026-07-13T07:38:47.940Z","2026-07-10T07:53:55.973Z"
"4340029964","25333110","cmrad38bo0576y4yd54r9dtdk","CBS05","Custom Jeep Wrangler Badge: Solid Brass or Stainless Steel Emblem","active","2026-07-12","2026-01-11_to_2026-07-12","UNKNOWN","232","UNKNOWN","UNKNOWN","UNKNOWN","3","UNKNOWN","0","0","USD","UNKNOWN","UNKNOWN","UNKNOWN","UNKNOWN","UNKNOWN","UNKNOWN","UNKNOWN","2026-07-13T07:38:47.940Z","2026-07-10T07:53:43.346Z"
"4346330555","25333110","cmraaji3s01ffy4w1evy4lucv","SP301","Sterling Silver Holy Grail Pendant - Blue Topaz Arthurian Necklace","active","2026-07-12","2026-01-11_to_2026-07-12","UNKNOWN","222","UNKNOWN","UNKNOWN","UNKNOWN","41","UNKNOWN","0","0","USD","UNKNOWN","UNKNOWN","UNKNOWN","UNKNOWN","UNKNOWN","UNKNOWN","UNKNOWN","2026-07-13T07:38:47.940Z","2026-07-10T10:50:40.541Z"
"4348359625","25333110","cmraajrtv01ray4w10mwfr071","SJ07","Gothic Skull Ring for Men – Solid 925 Sterling Silver Biker Statement Jewelry, Handcrafted Bone Texture Design","active","2026-07-12","2026-01-11_to_2026-07-12","UNKNOWN","121","UNKNOWN","UNKNOWN","UNKNOWN","5","UNKNOWN","0","0","USD","UNKNOWN","UNKNOWN","UNKNOWN","UNKNOWN","UNKNOWN","UNKNOWN","UNKNOWN","2026-07-13T07:38:47.940Z","2026-07-10T10:50:53.145Z"
"4348899562","25333110","cmrad2bwp044ey4yd4rvzdjep","SJ338","Symbiote Skull Ring for Men – 925 Sterling Silver Gothic Creature Ring with Copper Tongue, Dark Comic Inspired Statement Jewelry","active","2026-07-12","2026-01-11_to_2026-07-12","UNKNOWN","152","UNKNOWN","UNKNOWN","UNKNOWN","13","UNKNOWN","0","0","USD","UNKNOWN","UNKNOWN","UNKNOWN","UNKNOWN","UNKNOWN","UNKNOWN","UNKNOWN","2026-07-13T07:38:47.940Z","2026-07-10T07:53:00.977Z"
"4353625995","25333110","cmrad20kb03q2y4ydbdad1jfr","SP238","Sterling Silver Bull Pendant Necklace: 3D Copper Inlay, Gothic Mens Jewelry","active","2026-07-12","2026-01-11_to_2026-07-12","UNKNOWN","15","UNKNOWN","UNKNOWN","UNKNOWN","1","UNKNOWN","0","0","USD","UNKNOWN","UNKNOWN","UNKNOWN","UNKNOWN","UNKNOWN","UNKNOWN","UNKNOWN","2026-07-13T07:38:47.940Z","2026-07-10T07:52:46.268Z"
"4354576700","25333110","cmrad1y5303myy4ydtudoooov","SJ339","Heavy Top Hat Skull Ring for Men – Solid 925 Sterling Silver Gothic Memento Mori Ring, Victorian Pirate King Statement Jewelry","active","2026-07-12","2026-01-11_to_2026-07-12","UNKNOWN","33","UNKNOWN","UNKNOWN","UNKNOWN","2","UNKNOWN","0","0","USD","UNKNOWN","UNKNOWN","UNKNOWN","UNKNOWN","UNKNOWN","UNKNOWN","UNKNOWN","2026-07-13T07:38:47.940Z","2026-07-10T07:52:43.127Z"
"4354618171","25333110","cmraaj6rm011dy4w16elguxd2","SP239","Sterling Silver Bull Dog Tag Pendant - Copper Inlay Gothic Necklace","active","2026-07-12","2026-01-11_to_2026-07-12","UNKNOWN","82","UNKNOWN","UNKNOWN","UNKNOWN","8","UNKNOWN","1","326","USD","UNKNOWN","UNKNOWN","UNKNOWN","UNKNOWN","UNKNOWN","UNKNOWN","UNKNOWN","2026-07-13T07:38:47.940Z","2026-07-10T10:50:25.849Z"
"4359788502","25333110","cmraakjdp02pxy4w1hr44nb83","SP240","Custom Name Pendant - Personalized Sterling Silver Angel Wing Key Necklace","active","2026-07-12","2026-01-11_to_2026-07-12","UNKNOWN","58","UNKNOWN","UNKNOWN","UNKNOWN","7","UNKNOWN","0","0","USD","UNKNOWN","UNKNOWN","UNKNOWN","UNKNOWN","UNKNOWN","UNKNOWN","UNKNOWN","2026-07-13T07:38:47.940Z","2026-07-10T10:51:28.833Z"
"4362328084","25333110","cmraaetyw00fsy4fxi64xdmbg","SP239","Bull Dog Tag Pendant - 925 Silver Copper Inlay Gothic Necklace","active","2026-07-12","2026-01-11_to_2026-07-12","UNKNOWN","85","UNKNOWN","UNKNOWN","UNKNOWN","4","UNKNOWN","1","326","USD","UNKNOWN","UNKNOWN","UNKNOWN","UNKNOWN","UNKNOWN","UNKNOWN","UNKNOWN","2026-07-13T07:38:47.940Z","2026-07-10T10:51:03.635Z"
"4364083038","25333110","cmrad1dvx02xxy4yd1b072ykl","SP241","Customize with your name - Sterling Silver Personalized Serpent Key Pendant","active","2026-07-12","2026-01-11_to_2026-07-12","UNKNOWN","75","UNKNOWN","UNKNOWN","UNKNOWN","2","UNKNOWN","1","830","USD","UNKNOWN","UNKNOWN","UNKNOWN","UNKNOWN","UNKNOWN","UNKNOWN","UNKNOWN","2026-07-13T07:38:47.940Z","2026-07-10T07:52:16.889Z"
"4365584443","25333110","cmrad1gba030zy4yd3h2nqtw6","SSB129","Handmade 999 Silver Bangle with 24K Gold Inlay: Minimalist Cuff","active","2026-07-12","2026-01-11_to_2026-07-12","UNKNOWN","634","UNKNOWN","UNKNOWN","UNKNOWN","6","UNKNOWN","0","0","USD","UNKNOWN","UNKNOWN","UNKNOWN","UNKNOWN","UNKNOWN","UNKNOWN","UNKNOWN","2026-07-13T07:38:47.940Z","2026-07-10T07:52:20.024Z"
"4366208292","25333110","cmrad1eov02z2y4ydoqql0cpq","SB130","Solid 999 Sterling Silver Horse Hoof Bangle, Handmade Custom sizes Bracelet","active","2026-07-12","2026-01-11_to_2026-07-12","UNKNOWN","80","UNKNOWN","UNKNOWN","UNKNOWN","4","UNKNOWN","0","0","USD","UNKNOWN","UNKNOWN","UNKNOWN","UNKNOWN","UNKNOWN","UNKNOWN","UNKNOWN","2026-07-13T07:38:47.940Z","2026-07-10T07:52:17.923Z"
"4367358606","25333110","cmrad1ank02tuy4ydz54vshhz","SP233","Arrowhead Necklace Pendant Handmade 925 Sterling Silver with Feather Charm","active","2026-07-12","2026-01-11_to_2026-07-12","UNKNOWN","171","UNKNOWN","UNKNOWN","UNKNOWN","11","UNKNOWN","0","0","USD","UNKNOWN","UNKNOWN","UNKNOWN","UNKNOWN","UNKNOWN","UNKNOWN","UNKNOWN","2026-07-13T07:38:47.940Z","2026-07-10T10:51:33.034Z"
"4367383703","25333110","cmrad1d2u02wxy4ydfcv6eq5t","SSB130","Viking Battle Bracelet – Handmade 999 Silver Hammered Mobius Twist Cuff Bangle","active","2026-07-12","2026-01-11_to_2026-07-12","UNKNOWN","914","UNKNOWN","UNKNOWN","UNKNOWN","39","UNKNOWN","1","760","USD","UNKNOWN","UNKNOWN","UNKNOWN","UNKNOWN","UNKNOWN","UNKNOWN","UNKNOWN","2026-07-13T07:38:47.940Z","2026-07-10T07:52:15.827Z"
"4367385488","25333110","cmrad19ua02syy4yd56wr4x5x","SSB131","Triangle Bracelet – Handmade 999 Silver Matte Textured Geometric Cuff Bangle","active","2026-07-12","2026-01-11_to_2026-07-12","UNKNOWN","68","UNKNOWN","UNKNOWN","UNKNOWN","7","UNKNOWN","0","0","USD","UNKNOWN","UNKNOWN","UNKNOWN","UNKNOWN","UNKNOWN","UNKNOWN","UNKNOWN","2026-07-13T07:38:47.940Z","2026-07-10T10:51:32.007Z"
"4368610357","25333110","cmrad1c9k02vyy4yd03pn0q6k","SJ104-2","Natural lapis lazuli Ring – 925 Sterling Silver Gemstone Statement Jewelry","active","2026-07-12","2026-01-11_to_2026-07-12","UNKNOWN","33","UNKNOWN","UNKNOWN","UNKNOWN","1","UNKNOWN","0","0","USD","UNKNOWN","UNKNOWN","UNKNOWN","UNKNOWN","UNKNOWN","UNKNOWN","UNKNOWN","2026-07-13T07:38:47.940Z","2026-07-10T10:51:34.102Z"
"4375695925","25333110","cmraak5m0028ay4w1k20sst58","SJ232","Sterling Silver All Seeing Eye Ring — Masonic Occult Symbol","active","2026-07-12","2026-01-11_to_2026-07-12","UNKNOWN","110","UNKNOWN","UNKNOWN","UNKNOWN","11","UNKNOWN","0","0","USD","UNKNOWN","UNKNOWN","UNKNOWN","UNKNOWN","UNKNOWN","UNKNOWN","UNKNOWN","2026-07-13T07:38:47.940Z","2026-07-10T10:51:10.988Z"
"4378741277","25333110","cmrad1uw703j6y4ydmhe61rt5","SB131","Sapphire Encrusted Eyes - Handmade Sterling Silver Snake Bracelet","active","2026-07-12","2026-01-11_to_2026-07-12","UNKNOWN","167","UNKNOWN","UNKNOWN","UNKNOWN","8","UNKNOWN","0","0","USD","UNKNOWN","UNKNOWN","UNKNOWN","UNKNOWN","UNKNOWN","UNKNOWN","UNKNOWN","2026-07-13T07:38:47.940Z","2026-07-10T07:52:38.943Z"
"4380305513","25333110","cmraajjqs01hgy4w1emwucc70","SB131","Handmade Special-shaped bracelets - 999 Silver Women&#39;s Bracelets","active","2026-07-12","2026-01-11_to_2026-07-12","UNKNOWN","17","UNKNOWN","UNKNOWN","UNKNOWN","0","UNKNOWN","0","0","USD","UNKNOWN","UNKNOWN","UNKNOWN","UNKNOWN","UNKNOWN","UNKNOWN","UNKNOWN","2026-07-13T07:38:47.940Z","2026-07-10T10:50:42.645Z"
"4380307850","25333110","cmraajix801ggy4w1ia2mp9rt","FCM04","Handmade Sterling Silver Bull Head Shoe Buckle: Gothic Cowboy Boot Accessory","active","2026-07-12","2026-01-11_to_2026-07-12","UNKNOWN","43","UNKNOWN","UNKNOWN","UNKNOWN","3","UNKNOWN","0","0","USD","UNKNOWN","UNKNOWN","UNKNOWN","UNKNOWN","UNKNOWN","UNKNOWN","UNKNOWN","2026-07-13T07:38:47.940Z","2026-07-10T10:50:41.584Z"
"4386656752","25333110","cmraakagu02eey4w12qpbfj9a","SJ07","Skull Pinky Ring Handmade Hammered 925 Sterling Silver","active","2026-07-12","2026-01-11_to_2026-07-12","UNKNOWN","250","UNKNOWN","UNKNOWN","UNKNOWN","1","UNKNOWN","0","0","USD","UNKNOWN","UNKNOWN","UNKNOWN","UNKNOWN","UNKNOWN","UNKNOWN","UNKNOWN","2026-07-13T07:38:47.940Z","2026-07-10T10:51:17.281Z"
"4387228641","25333110","cmraaeq5w005ty4fx5o6mpeam","SS01","Gothic Skull Pants Chain - Stainless Steel Biker Wallet Chain","active","2026-07-12","2026-01-11_to_2026-07-12","UNKNOWN","236","UNKNOWN","UNKNOWN","UNKNOWN","18","UNKNOWN","0","0","USD","UNKNOWN","UNKNOWN","UNKNOWN","UNKNOWN","UNKNOWN","UNKNOWN","UNKNOWN","2026-07-13T07:38:47.940Z","2026-07-10T10:50:17.434Z"
"4387570273","25333110","cmraajpep01oey4w1dn33gdy9","SS01","Gothic Cross Pants Chain - Titanium Steel Punk Wallet Chain for Men","active","2026-07-12","2026-01-11_to_2026-07-12","UNKNOWN","134","UNKNOWN","UNKNOWN","UNKNOWN","14","UNKNOWN","1","156","USD","UNKNOWN","UNKNOWN","UNKNOWN","UNKNOWN","UNKNOWN","UNKNOWN","UNKNOWN","2026-07-13T07:38:47.940Z","2026-07-10T10:50:49.978Z"
"4389137279","25333110","cmraaivfb00ngy4w1ryzjf7ye","SJ255","Clown Skull Ring for Men - 925 Silver Gothic Joker Biker Ring","active","2026-07-12","2026-01-11_to_2026-07-12","UNKNOWN","50","UNKNOWN","UNKNOWN","UNKNOWN","2","UNKNOWN","0","0","USD","UNKNOWN","UNKNOWN","UNKNOWN","UNKNOWN","UNKNOWN","UNKNOWN","UNKNOWN","2026-07-13T07:38:47.940Z","2026-07-10T10:50:11.144Z"
"4391704918","25333110","cmraaio4u00e8y4w1e7fvp8cr","SP145","Couple Skull Pendant Necklace – 925 Sterling Silver Gothic Love Jewelry","active","2026-07-12","2026-01-11_to_2026-07-12","UNKNOWN","71","UNKNOWN","UNKNOWN","UNKNOWN","3","UNKNOWN","0","0","USD","UNKNOWN","UNKNOWN","UNKNOWN","UNKNOWN","UNKNOWN","UNKNOWN","UNKNOWN","2026-07-13T07:38:47.940Z","2026-07-10T10:50:01.689Z"
"4396766200","25333110","cmraaif88002zy4w19ngqhpqe","SP78","Middle Finger Pendant Necklace – 925 Sterling Silver Rebel Hand Necklace","active","2026-07-12","2026-01-11_to_2026-07-12","UNKNOWN","49","UNKNOWN","UNKNOWN","UNKNOWN","2","UNKNOWN","0","0","USD","UNKNOWN","UNKNOWN","UNKNOWN","UNKNOWN","UNKNOWN","UNKNOWN","UNKNOWN","2026-07-13T07:38:47.940Z","2026-07-10T10:49:50.144Z"
"4403514501","25333110","cmrad3oj105sqy4ydr7yymdcn","SP241","Ice Queen Pendant Sterling Silver | Handmade 925 Silver Goddess Necklace","active","2026-07-12","2026-01-11_to_2026-07-12","UNKNOWN","34","UNKNOWN","UNKNOWN","UNKNOWN","1","UNKNOWN","0","0","USD","UNKNOWN","UNKNOWN","UNKNOWN","UNKNOWN","UNKNOWN","UNKNOWN","UNKNOWN","2026-07-13T07:38:47.940Z","2026-07-10T07:54:04.345Z"
"4404020367","25333110","cmrad3m3805pfy4ydzvuwciym","SP205","Snake Pendant Necklace Sterling Silver | Handmade Gothic Serpent Jewelry","active","2026-07-12","2026-01-11_to_2026-07-12","UNKNOWN","35","UNKNOWN","UNKNOWN","UNKNOWN","1","UNKNOWN","0","0","USD","UNKNOWN","UNKNOWN","UNKNOWN","UNKNOWN","UNKNOWN","UNKNOWN","UNKNOWN","2026-07-13T07:38:47.940Z","2026-07-10T07:54:01.203Z"
"4405716074","25333110","cmrad3gfs05hoy4ydii7o6kh6","SP196","Ancient Ropebound Cross Pendant, 925 Sterling Silver Cross Necklace","active","2026-07-12","2026-01-11_to_2026-07-12","UNKNOWN","154","UNKNOWN","UNKNOWN","UNKNOWN","3","UNKNOWN","0","0","USD","UNKNOWN","UNKNOWN","UNKNOWN","UNKNOWN","UNKNOWN","UNKNOWN","UNKNOWN","2026-07-13T07:38:47.940Z","2026-07-10T07:53:53.852Z"
"4416102602","25333110","cmrad310u04yvy4ydh1tulm6f","SP197","Black Mamba Snake Cross Pendant • Sterling Silver No.24 Snake Necklace","active","2026-07-12","2026-01-11_to_2026-07-12","UNKNOWN","32","UNKNOWN","UNKNOWN","UNKNOWN","0","UNKNOWN","0","0","USD","UNKNOWN","UNKNOWN","UNKNOWN","UNKNOWN","UNKNOWN","UNKNOWN","UNKNOWN","2026-07-13T07:38:47.940Z","2026-07-10T07:53:33.896Z"
"4419395050","25333110","cmrad2wzb04tyy4ydecxpclo9","SN58","Sterling Silver Toggle Necklace • T.O. Clasp Chain Gothic Necklace","active","2026-07-12","2026-01-11_to_2026-07-12","UNKNOWN","95","UNKNOWN","UNKNOWN","UNKNOWN","2","UNKNOWN","0","0","USD","UNKNOWN","UNKNOWN","UNKNOWN","UNKNOWN","UNKNOWN","UNKNOWN","UNKNOWN","2026-07-13T07:38:47.940Z","2026-07-10T07:53:28.276Z"
"4431374140","25333110","cmraak1k0023ny4w16eclh6sa","SN41","925 Silver Ball Chain • Minimalist Pendant Necklace Chain • Unisex Layering Jewelry Gift","active","2026-07-12","2026-01-11_to_2026-07-12","UNKNOWN","183","UNKNOWN","UNKNOWN","UNKNOWN","8","UNKNOWN","1","196","USD","UNKNOWN","UNKNOWN","UNKNOWN","UNKNOWN","UNKNOWN","UNKNOWN","UNKNOWN","2026-07-13T07:38:47.940Z","2026-07-10T10:51:05.729Z"
"4431961200","25333110","cmrad1t9x03h6y4yda7peeb0p","SN66","Double Skull Open Ring Necklace • 925 Sterling Silver Skull Bead Chain","active","2026-07-12","2026-01-11_to_2026-07-12","UNKNOWN","30","UNKNOWN","UNKNOWN","UNKNOWN","1","UNKNOWN","0","0","USD","UNKNOWN","UNKNOWN","UNKNOWN","UNKNOWN","UNKNOWN","UNKNOWN","UNKNOWN","2026-07-13T07:38:47.940Z","2026-07-10T07:52:36.820Z"
"4432511462","25333110","cmraailp100bay4w1tu636u8i","SSG02","Spiked Fishbone Wallet Chain - Stainless Steel Gothic Punk Biker Pants Chain","active","2026-07-12","2026-01-11_to_2026-07-12","UNKNOWN","1918","UNKNOWN","UNKNOWN","UNKNOWN","304","UNKNOWN","3","408","USD","UNKNOWN","UNKNOWN","UNKNOWN","UNKNOWN","UNKNOWN","UNKNOWN","UNKNOWN","2026-07-13T07:38:47.940Z","2026-07-10T10:49:58.533Z"
"4433881138","25333110","cmrad1q1a03dfy4ydtyssecq4","SSB129","Hammered Silver Bracelet with 18K Gold Accent • Artisan Jewelry Gift","active","2026-07-12","2026-01-11_to_2026-07-12","UNKNOWN","47","UNKNOWN","UNKNOWN","UNKNOWN","2","UNKNOWN","0","0","USD","UNKNOWN","UNKNOWN","UNKNOWN","UNKNOWN","UNKNOWN","UNKNOWN","UNKNOWN","2026-07-13T07:38:47.940Z","2026-07-10T07:52:32.623Z"
"4434426954","25333110","cmraaerwp00apy4fxs0yjq4r3","SP189-2","Amenadiel Archangel Pendant - Solid 925 Silver Gothic Protection Necklace","active","2026-07-12","2026-01-11_to_2026-07-12","UNKNOWN","516","UNKNOWN","UNKNOWN","UNKNOWN","13","UNKNOWN","1","288","USD","UNKNOWN","UNKNOWN","UNKNOWN","UNKNOWN","UNKNOWN","UNKNOWN","UNKNOWN","2026-07-13T07:38:47.940Z","2026-07-10T10:50:37.388Z"
"4434436601","25333110","cmraaeroi009dy4fxf87gyuld","SP218-2","Gothic Silver Pendant Necklace for Men - Heavy 925 Sterling Jewelry","active","2026-07-12","2026-01-11_to_2026-07-12","UNKNOWN","105","UNKNOWN","UNKNOWN","UNKNOWN","13","UNKNOWN","1","182","USD","UNKNOWN","UNKNOWN","UNKNOWN","UNKNOWN","UNKNOWN","UNKNOWN","UNKNOWN","2026-07-13T07:38:47.940Z","2026-07-10T10:50:36.352Z"
"4434892147","25333110","cmrad1oex03bjy4ydb4dg3uuv","SP240-2","Personalized Silver Key Necklace – Sterling Silver Angel Wing Pendant – Custom Name Jewelry","active","2026-07-12","2026-01-11_to_2026-07-12","UNKNOWN","19","UNKNOWN","UNKNOWN","UNKNOWN","3","UNKNOWN","0","0","USD","UNKNOWN","UNKNOWN","UNKNOWN","UNKNOWN","UNKNOWN","UNKNOWN","UNKNOWN","2026-07-13T07:38:47.940Z","2026-07-10T07:52:30.530Z"
"4436347896","25333110","cmrad1jjz034ty4ydqe9o273o","SB43-2","Gothic Skull & Bone Bracelet – Hand-Forged 925 Sterling Silver Men’s Occult Jewelry","active","2026-07-12","2026-01-11_to_2026-07-12","UNKNOWN","171","UNKNOWN","UNKNOWN","UNKNOWN","7","UNKNOWN","0","0","USD","UNKNOWN","UNKNOWN","UNKNOWN","UNKNOWN","UNKNOWN","UNKNOWN","UNKNOWN","2026-07-13T07:38:47.940Z","2026-07-10T07:52:24.232Z"
"4436916214","25333110","cmrad1hxs032py4ydcx0jw4tc","SJ32-2","Hulk Inspired Sterling Silver Ring for Men – 925 Solid Heavy Statement Ring","active","2026-07-12","2026-01-11_to_2026-07-12","UNKNOWN","113","UNKNOWN","UNKNOWN","UNKNOWN","4","UNKNOWN","0","0","USD","UNKNOWN","UNKNOWN","UNKNOWN","UNKNOWN","UNKNOWN","UNKNOWN","UNKNOWN","2026-07-13T07:38:47.940Z","2026-07-10T07:52:22.136Z"
"4438228086","25333110","cmrad1fi602zyy4yd7odupjoo","SN66-2","Skull Chain Necklace – Solid 925 Sterling Silver Gothic Biker Chain, Double Skull Bead Statement Jewelry","active","2026-07-12","2026-01-11_to_2026-07-12","UNKNOWN","51","UNKNOWN","UNKNOWN","UNKNOWN","2","UNKNOWN","0","0","USD","UNKNOWN","UNKNOWN","UNKNOWN","UNKNOWN","UNKNOWN","UNKNOWN","UNKNOWN","2026-07-13T07:38:47.940Z","2026-07-10T07:52:18.978Z"
"4439637452","25333110","cmraak4ss027ay4w1bvr1faui","SJ104","Red Agate Statement Ring – 925 Sterling Silver Gothic Bold Mens Jewelry","active","2026-07-12","2026-01-11_to_2026-07-12","UNKNOWN","23","UNKNOWN","UNKNOWN","UNKNOWN","1","UNKNOWN","0","0","USD","UNKNOWN","UNKNOWN","UNKNOWN","UNKNOWN","UNKNOWN","UNKNOWN","UNKNOWN","2026-07-13T07:38:47.940Z","2026-07-10T10:51:09.930Z"
"4440237803","25333110","cmraakl0102rvy4w1lcxgf80t","SB139","Mobius Hammered Silver Cuff Bracelet, Handmade 999 Fine Silver Horseshoe Bangle","active","2026-07-12","2026-01-11_to_2026-07-12","UNKNOWN","70","UNKNOWN","UNKNOWN","UNKNOWN","3","UNKNOWN","0","0","USD","UNKNOWN","UNKNOWN","UNKNOWN","UNKNOWN","UNKNOWN","UNKNOWN","UNKNOWN","2026-07-13T07:38:47.940Z","2026-07-10T10:51:30.928Z"
"4443027103","25333110","cmraakhre02nvy4w1pe6bcg0p","SB80","Sterling Silver Skull Bracelet – Heavy Gothic Biker Chain Jewelry","active","2026-07-12","2026-01-11_to_2026-07-12","UNKNOWN","274","UNKNOWN","UNKNOWN","UNKNOWN","13","UNKNOWN","0","0","USD","UNKNOWN","UNKNOWN","UNKNOWN","UNKNOWN","UNKNOWN","UNKNOWN","UNKNOWN","2026-07-13T07:38:47.940Z","2026-07-10T10:51:26.730Z"
"4443125005","25333110","cmraaevil00jty4fxp9itmsqn","SB140","Hammered Horseshoe Silver Cuff Bracelet - Vintage Artisan Minimalist Jewelry","active","2026-07-12","2026-01-11_to_2026-07-12","UNKNOWN","32","UNKNOWN","UNKNOWN","UNKNOWN","3","UNKNOWN","0","0","USD","UNKNOWN","UNKNOWN","UNKNOWN","UNKNOWN","UNKNOWN","UNKNOWN","UNKNOWN","2026-07-13T07:38:47.940Z","2026-07-10T10:51:24.635Z"
"4446350100","25333110","cmrad1kdi035yy4ydxy8lsouo","SP218-3","Silver Key Pendant Necklace – Gothic & Vintage Inspired 925 Sterling Silver Jewelry","active","2026-07-12","2026-01-11_to_2026-07-12","UNKNOWN","69","UNKNOWN","UNKNOWN","UNKNOWN","11","UNKNOWN","0","0","USD","UNKNOWN","UNKNOWN","UNKNOWN","UNKNOWN","UNKNOWN","UNKNOWN","UNKNOWN","2026-07-13T07:38:47.940Z","2026-07-10T07:52:25.294Z"
"4448567858","25333110","cmraaeu6c00gty4fx41n8odi9","SN66-3","Double Skull Chain Necklace – 925 Sterling Silver Gothic Statement Jewelry","active","2026-07-12","2026-01-11_to_2026-07-12","UNKNOWN","34","UNKNOWN","UNKNOWN","UNKNOWN","2","UNKNOWN","0","0","USD","UNKNOWN","UNKNOWN","UNKNOWN","UNKNOWN","UNKNOWN","UNKNOWN","UNKNOWN","2026-07-13T07:38:47.940Z","2026-07-10T10:51:04.681Z"
"4449012621","25333110","cmrad3mwh05qiy4ydo8xn7zl3","SP218-3","Sterling Silver Ankh Cross Pendant Necklace, Egyptian Jewelry","active","2026-07-12","2026-01-11_to_2026-07-12","UNKNOWN","221","UNKNOWN","UNKNOWN","UNKNOWN","7","UNKNOWN","1","266","USD","UNKNOWN","UNKNOWN","UNKNOWN","UNKNOWN","UNKNOWN","UNKNOWN","UNKNOWN","2026-07-13T07:38:47.940Z","2026-07-10T07:54:02.250Z"
"4449591279","25333110","cmraajxi701yby4w15h1kk3ua","FCM05","Wabi-Sabi Hand Forged Hammered Copper Vessel | Sculptural Copper Object Tray","active","2026-07-12","2026-01-11_to_2026-07-12","UNKNOWN","40","UNKNOWN","UNKNOWN","UNKNOWN","4","UNKNOWN","0","0","USD","UNKNOWN","UNKNOWN","UNKNOWN","UNKNOWN","UNKNOWN","UNKNOWN","UNKNOWN","2026-07-13T07:38:47.940Z","2026-07-10T10:51:00.492Z"
"4451790645","25333110","cmraaesg000bsy4fxqanmd5q5","SJ274-2","Red Horn Demon Ring - 925 Sterling Silver Gothic Comic Statement Ring","active","2026-07-12","2026-01-11_to_2026-07-12","UNKNOWN","266","UNKNOWN","UNKNOWN","UNKNOWN","46","UNKNOWN","0","0","USD","UNKNOWN","UNKNOWN","UNKNOWN","UNKNOWN","UNKNOWN","UNKNOWN","UNKNOWN","2026-07-13T07:38:47.940Z","2026-07-10T10:50:45.781Z"
"4453447675","25333110","cmraaje2h019yy4w12z0uwcz7","ACS09","Sterling Silver Cross Stud Earrings - Split Cross Earrings for Women","active","2026-07-12","2026-01-11_to_2026-07-12","UNKNOWN","18","UNKNOWN","UNKNOWN","UNKNOWN","4","UNKNOWN","0","0","USD","UNKNOWN","UNKNOWN","UNKNOWN","UNKNOWN","UNKNOWN","UNKNOWN","UNKNOWN","2026-07-13T07:38:47.940Z","2026-07-10T10:50:35.294Z"
"4465182574","25333110","cmraaig1c0048y4w11o961wp1","SP95","Sterling Silver Bone Cross Pendant Necklace, Men&#39;s Gothic Jewelry","active","2026-07-12","2026-01-11_to_2026-07-12","UNKNOWN","59","UNKNOWN","UNKNOWN","UNKNOWN","11","UNKNOWN","0","0","USD","UNKNOWN","UNKNOWN","UNKNOWN","UNKNOWN","UNKNOWN","UNKNOWN","UNKNOWN","2026-07-13T07:38:47.940Z","2026-07-10T10:49:51.195Z"
"4471142007","25333110","cmrad3rrj05wyy4ydonp6ucmz","BRC26","Sterling Silver Pegasus Brooch, Mythical Flying Horse Pin, Fantasy Jewelry","active","2026-07-12","2026-01-11_to_2026-07-12","UNKNOWN","44","UNKNOWN","UNKNOWN","UNKNOWN","9","UNKNOWN","0","0","USD","UNKNOWN","UNKNOWN","UNKNOWN","UNKNOWN","UNKNOWN","UNKNOWN","UNKNOWN","2026-07-13T07:38:47.940Z","2026-07-10T07:54:08.554Z"
"4471175209","25333110","cmrad3qyi05vty4ydt6hqb4xn","SJ295-2","Biker Skull Ring Sterling Silver, Handmade Gothic Mens Ring","active","2026-07-12","2026-01-11_to_2026-07-12","UNKNOWN","53","UNKNOWN","UNKNOWN","UNKNOWN","5","UNKNOWN","0","0","USD","UNKNOWN","UNKNOWN","UNKNOWN","UNKNOWN","UNKNOWN","UNKNOWN","UNKNOWN","2026-07-13T07:38:47.940Z","2026-07-10T07:54:07.496Z"
"4471697707","25333110","cmrad3npk05rmy4ydopjc4hdv","SP189-3","Angel Power Necklace – Amenadiel Inspired Pendant, Gothic Archangel Talisman","active","2026-07-12","2026-01-11_to_2026-07-12","UNKNOWN","170","UNKNOWN","UNKNOWN","UNKNOWN","5","UNKNOWN","0","0","USD","UNKNOWN","UNKNOWN","UNKNOWN","UNKNOWN","UNKNOWN","UNKNOWN","UNKNOWN","2026-07-13T07:38:47.940Z","2026-07-10T07:54:03.292Z"
"4471845357","25333110","cmrad3khd05n9y4ydvbojvdny","SP189-3","Gothic Angel Necklace Sterling Silver Dark Talisman Pendant Occult Jewelry","active","2026-07-12","2026-01-11_to_2026-07-12","UNKNOWN","20","UNKNOWN","UNKNOWN","UNKNOWN","3","UNKNOWN","0","0","USD","UNKNOWN","UNKNOWN","UNKNOWN","UNKNOWN","UNKNOWN","UNKNOWN","UNKNOWN","2026-07-13T07:38:47.940Z","2026-07-10T07:53:59.101Z"
"4472140624","25333110","cmrad3jny05mey4ydr5gb1x29","SJ232-2","Anubis Ring for Men in 925 Sterling Silver, Egyptian God Jackal Head Signet, Handmade Mythology Jewelry","active","2026-07-12","2026-01-11_to_2026-07-12","UNKNOWN","18","UNKNOWN","UNKNOWN","UNKNOWN","2","UNKNOWN","0","0","USD","UNKNOWN","UNKNOWN","UNKNOWN","UNKNOWN","UNKNOWN","UNKNOWN","UNKNOWN","2026-07-13T07:38:47.940Z","2026-07-10T07:53:58.047Z"
"4472597728","25333110","cmraaet6y00dsy4fxp04jpv5w","SJ141-2","Handcrafted Sterling Silver Skull Ring Gothic Biker Rings Mens Statement Jewelry","active","2026-07-12","2026-01-11_to_2026-07-12","UNKNOWN","214","UNKNOWN","UNKNOWN","UNKNOWN","25","UNKNOWN","1","226","USD","UNKNOWN","UNKNOWN","UNKNOWN","UNKNOWN","UNKNOWN","UNKNOWN","UNKNOWN","2026-07-13T07:38:47.940Z","2026-07-10T10:50:54.189Z"
"4472600716","25333110","cmrad3iv605l3y4ydn1a9ii28","SJ321-2","Pitbull Ring Sterling Silver Dog Lover Ring Handmade Animal Jewelry","active","2026-07-12","2026-01-11_to_2026-07-12","UNKNOWN","100","UNKNOWN","UNKNOWN","UNKNOWN","6","UNKNOWN","0","0","USD","UNKNOWN","UNKNOWN","UNKNOWN","UNKNOWN","UNKNOWN","UNKNOWN","UNKNOWN","2026-07-13T07:38:47.940Z","2026-07-10T07:53:57.010Z"
"4472782197","25333110","cmrad3h8805isy4ydzgczkqes","SP189-2","Skull Pendant Handmade Gothic Necklace Mens Statement Jewelry Biker Skull Charm","active","2026-07-12","2026-01-11_to_2026-07-12","UNKNOWN","10","UNKNOWN","UNKNOWN","UNKNOWN","1","UNKNOWN","0","0","USD","UNKNOWN","UNKNOWN","UNKNOWN","UNKNOWN","UNKNOWN","UNKNOWN","UNKNOWN","2026-07-13T07:38:47.940Z","2026-07-10T07:53:54.906Z"
"4473150566","25333110","cmrad3fm605gpy4ydsjm2ysdb","SP154","Handcrafted 925 Sterling Silver Double Skull Heart Couple Necklace: Till Death Do Us Part","active","2026-07-12","2026-01-11_to_2026-07-12","UNKNOWN","46","UNKNOWN","UNKNOWN","UNKNOWN","3","UNKNOWN","0","0","USD","UNKNOWN","UNKNOWN","UNKNOWN","UNKNOWN","UNKNOWN","UNKNOWN","UNKNOWN","2026-07-13T07:38:47.940Z","2026-07-10T07:53:52.799Z"
"4473194563","25333110","cmrad3esz05fhy4yd88k14jsa","SJ191","Biker Skull Ring - Handcrafted 925 Sterling Silver The Edgy Armor","active","2026-07-12","2026-01-11_to_2026-07-12","UNKNOWN","15","UNKNOWN","UNKNOWN","UNKNOWN","2","UNKNOWN","0","0","USD","UNKNOWN","UNKNOWN","UNKNOWN","UNKNOWN","UNKNOWN","UNKNOWN","UNKNOWN","2026-07-13T07:38:47.940Z","2026-07-10T07:53:51.758Z"
"4474342715","25333110","cmrad3dzs05ecy4ydqmx8e862","SP185","Handcrafted 925 Sterling Silver Skull Cross Necklace: Wood Texture Gothic Faith Pendant","active","2026-07-12","2026-01-11_to_2026-07-12","UNKNOWN","84","UNKNOWN","UNKNOWN","UNKNOWN","7","UNKNOWN","0","0","USD","UNKNOWN","UNKNOWN","UNKNOWN","UNKNOWN","UNKNOWN","UNKNOWN","UNKNOWN","2026-07-13T07:38:47.940Z","2026-07-10T07:53:50.698Z"
"4475437300","25333110","cmrad3cdh05c8y4yd1y61r8r4","SP242","Anubis Pendant Necklace, Egyptian Silver Dog Tag Pendant, Gothic Mythology Jewelry Unisex Gift","active","2026-07-12","2026-01-11_to_2026-07-12","UNKNOWN","46","UNKNOWN","UNKNOWN","UNKNOWN","2","UNKNOWN","0","0","USD","UNKNOWN","UNKNOWN","UNKNOWN","UNKNOWN","UNKNOWN","UNKNOWN","UNKNOWN","2026-07-13T07:38:47.940Z","2026-07-10T07:53:48.605Z"
"4477343810","25333110","cmrad39500588y4yd28172ajc","SJ342","Freddy Krueger Sterling Silver Ring, Horror Slasher Gothic Jewelry","active","2026-07-12","2026-01-11_to_2026-07-12","UNKNOWN","124","UNKNOWN","UNKNOWN","UNKNOWN","10","UNKNOWN","0","0","USD","UNKNOWN","UNKNOWN","UNKNOWN","UNKNOWN","UNKNOWN","UNKNOWN","UNKNOWN","2026-07-13T07:38:47.940Z","2026-07-10T07:53:44.403Z"
"4479018663","25333110","cmraaixug00q9y4w1fkgy50i9","SJ343","Dark Hero Ring in 925 Sterling Silver - Gothic Comic Statement Ring","active","2026-07-12","2026-01-11_to_2026-07-12","UNKNOWN","306","UNKNOWN","UNKNOWN","UNKNOWN","34","UNKNOWN","1","256","USD","UNKNOWN","UNKNOWN","UNKNOWN","UNKNOWN","UNKNOWN","UNKNOWN","UNKNOWN","2026-07-13T07:38:47.940Z","2026-07-10T10:50:14.296Z"
"4481346085","25333110","cmrad33gr051iy4ydrlnq08ej","SJ344","Howling Wolf Ring 925 Sterling Silver, Gothic Animal, Viking Biker Statement Ring Gift","active","2026-07-12","2026-01-11_to_2026-07-12","UNKNOWN","203","UNKNOWN","UNKNOWN","UNKNOWN","19","UNKNOWN","1","496","USD","UNKNOWN","UNKNOWN","UNKNOWN","UNKNOWN","UNKNOWN","UNKNOWN","UNKNOWN","2026-07-13T07:38:47.940Z","2026-07-10T07:53:37.045Z"
"4487285495","25333110","cmrad2b3l0437y4yd93dpbntp","SJ344","Heavy Sterling Silver Peace Dove Ring for Men – Gothic Oxidized Bird Spirit Animal Statement Jewelry, Handmade Symbolic Ring","active","2026-07-12","2026-01-11_to_2026-07-12","UNKNOWN","42","UNKNOWN","UNKNOWN","UNKNOWN","2","UNKNOWN","0","0","USD","UNKNOWN","UNKNOWN","UNKNOWN","UNKNOWN","UNKNOWN","UNKNOWN","UNKNOWN","2026-07-13T07:38:47.940Z","2026-07-10T07:52:59.925Z"
"4488272024","25333110","cmrad29hg0411y4ydnhz1xudy","SP243","Hand Carved Anubis Pendant, Sterling Silver Egyptian Guardian Necklace, Gothic Jewelry","active","2026-07-12","2026-01-11_to_2026-07-12","UNKNOWN","20","UNKNOWN","UNKNOWN","UNKNOWN","0","UNKNOWN","0","0","USD","UNKNOWN","UNKNOWN","UNKNOWN","UNKNOWN","UNKNOWN","UNKNOWN","UNKNOWN","2026-07-13T07:38:47.940Z","2026-07-10T07:52:57.835Z"
"4488478432","25333110","cmrad271z03y1y4ydj8ov1tfu","FCM06","Kraken&#39;s Embrace Hammered Copper Tray Brass Octopus Catchall Bowl Nautical Jewelry Dish","active","2026-07-12","2026-01-11_to_2026-07-12","UNKNOWN","7","UNKNOWN","UNKNOWN","UNKNOWN","0","UNKNOWN","0","0","USD","UNKNOWN","UNKNOWN","UNKNOWN","UNKNOWN","UNKNOWN","UNKNOWN","UNKNOWN","2026-07-13T07:38:47.940Z","2026-07-10T07:52:54.685Z"
"4490216363","25333110","cmrad24mc03v4y4ydprhg8q3j","SJ280","Heavy Gothic Skull Ring for Men – Solid 925 Sterling Silver Biker Rock Statement Jewelry, Handmade Skeleton Ring","active","2026-07-12","2026-01-11_to_2026-07-12","UNKNOWN","22","UNKNOWN","UNKNOWN","UNKNOWN","1","UNKNOWN","0","0","USD","UNKNOWN","UNKNOWN","UNKNOWN","UNKNOWN","UNKNOWN","UNKNOWN","UNKNOWN","2026-07-13T07:38:47.940Z","2026-07-10T07:52:51.517Z"
"4490666743","25333110","cmrad23tc03u5y4ydx8c7ayay","SJ42","Heavy Alien Hunter Skull Ring for Men – Solid 925 Sterling Silver Sci-Fi Gothic Biker Ring","active","2026-07-12","2026-01-11_to_2026-07-12","UNKNOWN","53","UNKNOWN","UNKNOWN","UNKNOWN","2","UNKNOWN","0","0","USD","UNKNOWN","UNKNOWN","UNKNOWN","UNKNOWN","UNKNOWN","UNKNOWN","UNKNOWN","2026-07-13T07:38:47.940Z","2026-07-10T07:52:50.485Z"
"4491402807","25333110","cmraakfc102kqy4w1uyit6nws","SJ05-2","Heavyweight Skull Ring for Men – Solid 925 Silver Gothic Biker Ring, Tactical Statement Jewelry Gift","active","2026-07-12","2026-01-11_to_2026-07-12","UNKNOWN","69","UNKNOWN","UNKNOWN","UNKNOWN","6","UNKNOWN","1","206","USD","UNKNOWN","UNKNOWN","UNKNOWN","UNKNOWN","UNKNOWN","UNKNOWN","UNKNOWN","2026-07-13T07:38:47.940Z","2026-07-10T10:51:23.584Z"
"4492793927","25333110","cmraaesqc00cqy4fxcedkin3u","SJ344","Saber Tooth Tiger Ring - 925 Silver Smilodon Gothic Biker Ring","active","2026-07-12","2026-01-11_to_2026-07-12","UNKNOWN","219","UNKNOWN","UNKNOWN","UNKNOWN","19","UNKNOWN","0","0","USD","UNKNOWN","UNKNOWN","UNKNOWN","UNKNOWN","UNKNOWN","UNKNOWN","UNKNOWN","2026-07-13T07:38:47.940Z","2026-07-10T10:50:46.839Z"
"4493860774","25333110","cmrad1wik03kzy4ydjriflfrl","SJ345","Heavy Lynx Ring for Men in 925 Sterling Silver, Bobcat Head Statement Ring, Handmade Gothic Wildcat Jewelry","active","2026-07-12","2026-01-11_to_2026-07-12","UNKNOWN","11","UNKNOWN","UNKNOWN","UNKNOWN","1","UNKNOWN","0","0","USD","UNKNOWN","UNKNOWN","UNKNOWN","UNKNOWN","UNKNOWN","UNKNOWN","UNKNOWN","2026-07-13T07:38:47.940Z","2026-07-10T07:52:41.037Z"
"4497064699","25333110","cmraak36f025ey4w12920n0v8","SJ345","Viking Wolf Ring for Men - 925 Silver Animal Biker Statement Ring","active","2026-07-12","2026-01-11_to_2026-07-12","UNKNOWN","289","UNKNOWN","UNKNOWN","UNKNOWN","39","UNKNOWN","0","0","USD","UNKNOWN","UNKNOWN","UNKNOWN","UNKNOWN","UNKNOWN","UNKNOWN","UNKNOWN","2026-07-13T07:38:47.940Z","2026-07-10T10:51:07.834Z"
"4510039254","25333110","cmraaeuqn00hsy4fxotrbsi3q","SJ346","Patriotic Hero Ring for Men - 925 Silver Eagle Statement Ring","active","2026-07-12","2026-01-11_to_2026-07-12","UNKNOWN","78","UNKNOWN","UNKNOWN","UNKNOWN","0","UNKNOWN","0","0","USD","UNKNOWN","UNKNOWN","UNKNOWN","UNKNOWN","UNKNOWN","UNKNOWN","UNKNOWN","2026-07-13T07:38:47.940Z","2026-07-10T10:51:15.195Z"
"4513547844","25333110","cmraajz4r020ny4w1z28m8leg","SJ349","Hippo Ring for Men – Solid 925 Sterling Silver Hippopotamus Statement Jewelry","active","2026-07-12","2026-01-11_to_2026-07-12","UNKNOWN","32","UNKNOWN","UNKNOWN","UNKNOWN","2","UNKNOWN","0","0","USD","UNKNOWN","UNKNOWN","UNKNOWN","UNKNOWN","UNKNOWN","UNKNOWN","UNKNOWN","2026-07-13T07:38:47.940Z","2026-07-10T10:51:02.581Z"
"4515032622","25333110","cmraajq7n01pey4w123o2rbzt","SJ351","Ram Ring for Men in 925 Sterling Silver, Oxidized Goat Horn Ring, Gothic Biker Animal Jewelry","active","2026-07-12","2026-01-11_to_2026-07-12","UNKNOWN","22","UNKNOWN","UNKNOWN","UNKNOWN","4","UNKNOWN","0","0","USD","UNKNOWN","UNKNOWN","UNKNOWN","UNKNOWN","UNKNOWN","UNKNOWN","UNKNOWN","2026-07-13T07:38:47.940Z","2026-07-10T10:50:51.035Z"
"4516749377","25333110","cmraajkj901ify4w1ssepi6ev","SSG03","Meteor Hammer Pants Chain - Titanium Steel Punk Wallet Chain for Men","active","2026-07-12","2026-01-11_to_2026-07-12","UNKNOWN","184","UNKNOWN","UNKNOWN","UNKNOWN","19","UNKNOWN","0","0","USD","UNKNOWN","UNKNOWN","UNKNOWN","UNKNOWN","UNKNOWN","UNKNOWN","UNKNOWN","2026-07-13T07:38:47.940Z","2026-07-10T10:50:43.675Z"
"4517260479","25333110","cmraaitt600lny4w1esv413rm","SJ347","Spider Noir Ring - Solid 925 Sterling Silver Gothic Statement Ring","active","2026-07-12","2026-01-11_to_2026-07-12","UNKNOWN","86","UNKNOWN","UNKNOWN","UNKNOWN","5","UNKNOWN","2","492","USD","UNKNOWN","UNKNOWN","UNKNOWN","UNKNOWN","UNKNOWN","UNKNOWN","UNKNOWN","2026-07-13T07:38:47.940Z","2026-07-10T10:50:09.052Z"
"4518195167","25333110","cmraajd980191y4w15h86iqw0","SJ348","Rooster Ring for Men - 925 Silver Farm Animal Statement Ring","active","2026-07-12","2026-01-11_to_2026-07-12","UNKNOWN","65","UNKNOWN","UNKNOWN","UNKNOWN","9","UNKNOWN","0","0","USD","UNKNOWN","UNKNOWN","UNKNOWN","UNKNOWN","UNKNOWN","UNKNOWN","UNKNOWN","2026-07-13T07:38:47.940Z","2026-07-10T10:50:34.235Z"
"4525990305","25333110","cmraaepkz004yy4fxn0n18gqy","SJ350","Rooster Ring for Men in 925 Sterling Silver, Heavy Farm Animal Statement Ring, Handmade Country Jewelry","active","2026-07-12","2026-01-11_to_2026-07-12","UNKNOWN","10","UNKNOWN","UNKNOWN","UNKNOWN","1","UNKNOWN","0","0","USD","UNKNOWN","UNKNOWN","UNKNOWN","UNKNOWN","UNKNOWN","UNKNOWN","UNKNOWN","2026-07-13T07:38:47.940Z","2026-07-10T10:50:07.979Z"
"4533307056","25333110","cmraaenxt0014y4fxzwoein16","SJ352","Cocker Spaniel Ring in 925 Sterling Silver, Heavy Dog Memorial Ring, Handmade Pet Lover Jewelry Gift","active","2026-07-12","2026-01-11_to_2026-07-12","UNKNOWN","1","UNKNOWN","UNKNOWN","UNKNOWN","0","UNKNOWN","0","0","USD","UNKNOWN","UNKNOWN","UNKNOWN","UNKNOWN","UNKNOWN","UNKNOWN","UNKNOWN","2026-07-13T07:38:47.940Z","2026-07-10T10:49:48.042Z"
